2026-05-11 07:10:41,243 [INFO] ============================================================
2026-05-11 07:10:41,244 [INFO] CESAROPS Watchdog starting
2026-05-11 07:10:41,244 [INFO]   Python:      /usr/bin/python3
2026-05-11 07:10:41,244 [INFO]   API port:    8099
2026-05-11 07:10:41,244 [INFO]   Kobold port: 5001
2026-05-11 07:10:41,244 [INFO]   Poll every:  30s
2026-05-11 07:10:41,244 [INFO] ============================================================
2026-05-11 07:34:11,769 [WARNING] kobold not responding on port 5001 — restarting…
2026-05-11 07:34:11,773 [WARNING] No .gguf model found — skipping KoboldCPP auto-start
2026-05-11 07:34:11,774 [INFO] Status — API: ok  Kobold: failed  Restarts: api=0 kobold=0
2026-05-11 07:34:41,781 [WARNING] kobold not responding on port 5001 — restarting…
2026-05-11 07:34:41,782 [WARNING] No .gguf model found — skipping KoboldCPP auto-start
2026-05-11 07:34:41,783 [INFO] Status — API: ok  Kobold: failed  Restarts: api=0 kobold=0
2026-05-11 07:35:11,790 [WARNING] kobold not responding on port 5001 — restarting…
2026-05-11 07:35:11,791 [WARNING] No .gguf model found — skipping KoboldCPP auto-start
2026-05-11 07:35:11,792 [INFO] Status — API: ok  Kobold: failed  Restarts: api=0 kobold=0
2026-05-11 07:35:41,799 [WARNING] kobold not responding on port 5001 — restarting…
2026-05-11 07:35:41,801 [WARNING] No .gguf model found — skipping KoboldCPP auto-start
2026-05-11 07:35:41,802 [INFO] Status — API: ok  Kobold: failed  Restarts: api=0 kobold=0
2026-05-11 07:36:11,809 [WARNING] kobold not responding on port 5001 — restarting…
2026-05-11 07:36:11,810 [WARNING] No .gguf model found — skipping KoboldCPP auto-start
2026-05-11 07:36:11,811 [INFO] Status — API: ok  Kobold: failed  Restarts: api=0 kobold=0
2026-05-11 07:36:41,818 [WARNING] kobold not responding on port 5001 — restarting…
2026-05-11 07:36:41,819 [WARNING] No .gguf model found — skipping KoboldCPP auto-start
2026-05-11 07:36:41,820 [INFO] Status — API: ok  Kobold: failed  Restarts: api=0 kobold=0
2026-05-11 07:37:11,828 [WARNING] kobold not responding on port 5001 — restarting…
2026-05-11 07:37:11,829 [WARNING] No .gguf model found — skipping KoboldCPP auto-start
2026-05-11 07:37:11,830 [INFO] Status — API: ok  Kobold: failed  Restarts: api=0 kobold=0
2026-05-11 07:37:41,837 [WARNING] kobold not responding on port 5001 — restarting…
2026-05-11 07:37:41,838 [WARNING] No .gguf model found — skipping KoboldCPP auto-start
2026-05-11 07:37:41,839 [INFO] Status — API: ok  Kobold: failed  Restarts: api=0 kobold=0
2026-05-11 07:38:11,846 [WARNING] kobold not responding on port 5001 — restarting…
2026-05-11 07:38:11,848 [WARNING] No .gguf model found — skipping KoboldCPP auto-start
2026-05-11 07:38:11,849 [INFO] Status — API: ok  Kobold: failed  Restarts: api=0 kobold=0
2026-05-11 07:38:41,856 [WARNING] kobold not responding on port 5001 — restarting…
2026-05-11 07:38:41,857 [WARNING] No .gguf model found — skipping KoboldCPP auto-start
2026-05-11 07:38:41,858 [INFO] Status — API: ok  Kobold: failed  Restarts: api=0 kobold=0
2026-05-11 07:39:11,865 [WARNING] kobold not responding on port 5001 — restarting…
2026-05-11 07:39:11,866 [WARNING] No .gguf model found — skipping KoboldCPP auto-start
2026-05-11 07:39:11,867 [INFO] Status — API: ok  Kobold: failed  Restarts: api=0 kobold=0
2026-05-11 07:39:41,874 [WARNING] kobold not responding on port 5001 — restarting…
2026-05-11 07:39:41,875 [WARNING] No .gguf model found — skipping KoboldCPP auto-start
2026-05-11 07:39:41,876 [INFO] Status — API: ok  Kobold: failed  Restarts: api=0 kobold=0
2026-05-11 07:40:11,883 [WARNING] kobold not responding on port 5001 — restarting…
2026-05-11 07:40:11,884 [WARNING] No .gguf model found — skipping KoboldCPP auto-start
2026-05-11 07:40:11,885 [INFO] Status — API: ok  Kobold: failed  Restarts: api=0 kobold=0
2026-05-11 07:40:41,889 [WARNING] kobold not responding on port 5001 — restarting…
2026-05-11 07:40:41,890 [WARNING] No .gguf model found — skipping KoboldCPP auto-start
2026-05-11 07:40:41,890 [INFO] Status — API: ok  Kobold: failed  Restarts: api=0 kobold=0
2026-05-13 03:28:59,851 [WARNING] kobold not responding on port 5001 — restarting…
2026-05-13 03:28:59,852 [WARNING] No .gguf model found — skipping KoboldCPP auto-start
2026-05-13 03:28:59,853 [INFO] Status — API: ok  Kobold: failed  Restarts: api=0 kobold=0
2026-05-13 03:29:29,860 [WARNING] kobold not responding on port 5001 — restarting…
2026-05-13 03:29:29,862 [WARNING] No .gguf model found — skipping KoboldCPP auto-start
2026-05-13 03:29:29,863 [INFO] Status — API: ok  Kobold: failed  Restarts: api=0 kobold=0
2026-05-13 03:29:59,870 [WARNING] kobold not responding on port 5001 — restarting…
2026-05-13 03:29:59,871 [WARNING] No .gguf model found — skipping KoboldCPP auto-start
2026-05-13 03:29:59,872 [INFO] Status — API: ok  Kobold: failed  Restarts: api=0 kobold=0
2026-05-13 03:30:29,879 [WARNING] kobold not responding on port 5001 — restarting…
2026-05-13 03:30:29,881 [WARNING] No .gguf model found — skipping KoboldCPP auto-start
2026-05-13 03:30:29,882 [INFO] Status — API: ok  Kobold: failed  Restarts: api=0 kobold=0
2026-05-13 03:30:59,889 [WARNING] kobold not responding on port 5001 — restarting…
2026-05-13 03:30:59,890 [WARNING] No .gguf model found — skipping KoboldCPP auto-start
2026-05-13 03:30:59,891 [INFO] Status — API: ok  Kobold: failed  Restarts: api=0 kobold=0
2026-05-13 03:31:29,898 [WARNING] kobold not responding on port 5001 — restarting…
2026-05-13 03:31:29,899 [WARNING] No .gguf model found — skipping KoboldCPP auto-start
2026-05-13 03:31:29,901 [INFO] Status — API: ok  Kobold: failed  Restarts: api=0 kobold=0
2026-05-13 03:31:59,908 [WARNING] kobold not responding on port 5001 — restarting…
2026-05-13 03:31:59,909 [WARNING] No .gguf model found — skipping KoboldCPP auto-start
2026-05-13 03:31:59,910 [INFO] Status — API: ok  Kobold: failed  Restarts: api=0 kobold=0
2026-05-13 03:32:29,917 [WARNING] kobold not responding on port 5001 — restarting…
2026-05-13 03:32:29,919 [WARNING] No .gguf model found — skipping KoboldCPP auto-start
2026-05-13 03:32:29,920 [INFO] Status — API: ok  Kobold: failed  Restarts: api=0 kobold=0
2026-05-13 03:32:59,927 [WARNING] kobold not responding on port 5001 — restarting…
2026-05-13 03:32:59,928 [WARNING] No .gguf model found — skipping KoboldCPP auto-start
2026-05-13 03:32:59,929 [INFO] Status — API: ok  Kobold: failed  Restarts: api=0 kobold=0
2026-05-13 03:33:29,936 [WARNING] kobold not responding on port 5001 — restarting…
2026-05-13 03:33:29,938 [WARNING] No .gguf model found — skipping KoboldCPP auto-start
2026-05-13 03:33:29,939 [INFO] Status — API: ok  Kobold: failed  Restarts: api=0 kobold=0
2026-05-13 03:33:59,946 [WARNING] kobold not responding on port 5001 — restarting…
2026-05-13 03:33:59,947 [WARNING] No .gguf model found — skipping KoboldCPP auto-start
2026-05-13 03:33:59,949 [INFO] Status — API: ok  Kobold: failed  Restarts: api=0 kobold=0
2026-05-13 03:34:29,956 [WARNING] kobold not responding on port 5001 — restarting…
2026-05-13 03:34:29,957 [WARNING] No .gguf model found — skipping KoboldCPP auto-start
2026-05-13 03:34:29,958 [INFO] Status — API: ok  Kobold: failed  Restarts: api=0 kobold=0
2026-05-13 03:34:59,966 [WARNING] kobold not responding on port 5001 — restarting…
2026-05-13 03:34:59,968 [WARNING] No .gguf model found — skipping KoboldCPP auto-start
2026-05-13 03:34:59,969 [INFO] Status — API: ok  Kobold: failed  Restarts: api=0 kobold=0
2026-05-13 03:35:29,976 [WARNING] kobold not responding on port 5001 — restarting…
2026-05-13 03:35:29,978 [WARNING] No .gguf model found — skipping KoboldCPP auto-start
2026-05-13 03:35:29,979 [INFO] Status — API: ok  Kobold: failed  Restarts: api=0 kobold=0
2026-05-13 03:35:59,986 [WARNING] kobold not responding on port 5001 — restarting…
2026-05-13 03:35:59,987 [WARNING] No .gguf model found — skipping KoboldCPP auto-start
2026-05-13 03:35:59,988 [INFO] Status — API: ok  Kobold: failed  Restarts: api=0 kobold=0
2026-05-13 03:36:29,996 [WARNING] kobold not responding on port 5001 — restarting…
2026-05-13 03:36:29,997 [WARNING] No .gguf model found — skipping KoboldCPP auto-start
2026-05-13 03:36:29,998 [INFO] Status — API: ok  Kobold: failed  Restarts: api=0 kobold=0
2026-05-13 03:37:00,005 [WARNING] kobold not responding on port 5001 — restarting…
2026-05-13 03:37:00,007 [WARNING] No .gguf model found — skipping KoboldCPP auto-start
2026-05-13 03:37:00,008 [INFO] Status — API: ok  Kobold: failed  Restarts: api=0 kobold=0
2026-05-13 03:37:30,015 [WARNING] kobold not responding on port 5001 — restarting…
2026-05-13 03:37:30,016 [WARNING] No .gguf model found — skipping KoboldCPP auto-start
2026-05-13 03:37:30,017 [INFO] Status — API: ok  Kobold: failed  Restarts: api=0 kobold=0
2026-05-13 03:38:00,024 [WARNING] kobold not responding on port 5001 — restarting…
2026-05-13 03:38:00,026 [WARNING] No .gguf model found — skipping KoboldCPP auto-start
2026-05-13 03:38:00,027 [INFO] Status — API: ok  Kobold: failed  Restarts: api=0 kobold=0
2026-05-13 03:38:30,034 [WARNING] kobold not responding on port 5001 — restarting…
2026-05-13 03:38:30,035 [WARNING] No .gguf model found — skipping KoboldCPP auto-start
2026-05-13 03:38:30,036 [INFO] Status — API: ok  Kobold: failed  Restarts: api=0 kobold=0
2026-05-13 03:39:00,043 [WARNING] kobold not responding on port 5001 — restarting…
2026-05-13 03:39:00,045 [WARNING] No .gguf model found — skipping KoboldCPP auto-start
2026-05-13 03:39:00,046 [INFO] Status — API: ok  Kobold: failed  Restarts: api=0 kobold=0
2026-05-13 03:39:30,053 [WARNING] kobold not responding on port 5001 — restarting…
2026-05-13 03:39:30,054 [WARNING] No .gguf model found — skipping KoboldCPP auto-start
2026-05-13 03:39:30,056 [INFO] Status — API: ok  Kobold: failed  Restarts: api=0 kobold=0
2026-05-13 03:40:00,063 [WARNING] kobold not responding on port 5001 — restarting…
2026-05-13 03:40:00,064 [WARNING] No .gguf model found — skipping KoboldCPP auto-start
2026-05-13 03:40:00,066 [INFO] Status — API: ok  Kobold: failed  Restarts: api=0 kobold=0
2026-05-13 03:40:30,073 [WARNING] kobold not responding on port 5001 — restarting…
2026-05-13 03:40:30,074 [WARNING] No .gguf model found — skipping KoboldCPP auto-start
2026-05-13 03:40:30,075 [INFO] Status — API: ok  Kobold: failed  Restarts: api=0 kobold=0
2026-05-13 03:41:00,082 [WARNING] kobold not responding on port 5001 — restarting…
2026-05-13 03:41:00,084 [WARNING] No .gguf model found — skipping KoboldCPP auto-start
2026-05-13 03:41:00,085 [INFO] Status — API: ok  Kobold: failed  Restarts: api=0 kobold=0
2026-05-13 03:41:30,092 [WARNING] kobold not responding on port 5001 — restarting…
2026-05-13 03:41:30,093 [WARNING] No .gguf model found — skipping KoboldCPP auto-start
2026-05-13 03:41:30,094 [INFO] Status — API: ok  Kobold: failed  Restarts: api=0 kobold=0
2026-05-13 03:42:00,101 [WARNING] kobold not responding on port 5001 — restarting…
2026-05-13 03:42:00,102 [WARNING] No .gguf model found — skipping KoboldCPP auto-start
2026-05-13 03:42:00,103 [INFO] Status — API: ok  Kobold: failed  Restarts: api=0 kobold=0
2026-05-13 03:42:30,111 [WARNING] kobold not responding on port 5001 — restarting…
2026-05-13 03:42:30,112 [WARNING] No .gguf model found — skipping KoboldCPP auto-start
2026-05-13 03:42:30,113 [INFO] Status — API: ok  Kobold: failed  Restarts: api=0 kobold=0
2026-05-13 03:43:00,120 [WARNING] kobold not responding on port 5001 — restarting…
2026-05-13 03:43:00,121 [WARNING] No .gguf model found — skipping KoboldCPP auto-start
2026-05-13 03:43:00,122 [INFO] Status — API: ok  Kobold: failed  Restarts: api=0 kobold=0
2026-05-13 03:43:30,129 [WARNING] kobold not responding on port 5001 — restarting…
2026-05-13 03:43:30,131 [WARNING] No .gguf model found — skipping KoboldCPP auto-start
2026-05-13 03:43:30,132 [INFO] Status — API: ok  Kobold: failed  Restarts: api=0 kobold=0
2026-05-13 03:44:00,139 [WARNING] kobold not responding on port 5001 — restarting…
2026-05-13 03:44:00,140 [WARNING] No .gguf model found — skipping KoboldCPP auto-start
2026-05-13 03:44:00,141 [INFO] Status — API: ok  Kobold: failed  Restarts: api=0 kobold=0
2026-05-13 03:44:30,148 [WARNING] kobold not responding on port 5001 — restarting…
2026-05-13 03:44:30,149 [WARNING] No .gguf model found — skipping KoboldCPP auto-start
2026-05-13 03:44:30,150 [INFO] Status — API: ok  Kobold: failed  Restarts: api=0 kobold=0
2026-05-13 03:45:00,155 [WARNING] kobold not responding on port 5001 — restarting…
2026-05-13 03:45:00,156 [WARNING] No .gguf model found — skipping KoboldCPP auto-start
2026-05-13 03:45:00,156 [INFO] Status — API: ok  Kobold: failed  Restarts: api=0 kobold=0
2026-05-13 03:45:30,162 [WARNING] kobold not responding on port 5001 — restarting…
2026-05-13 03:45:30,163 [WARNING] No .gguf model found — skipping KoboldCPP auto-start
2026-05-13 03:45:30,164 [INFO] Status — API: ok  Kobold: failed  Restarts: api=0 kobold=0
2026-05-13 03:46:00,171 [WARNING] kobold not responding on port 5001 — restarting…
2026-05-13 03:46:00,173 [WARNING] No .gguf model found — skipping KoboldCPP auto-start
2026-05-13 03:46:00,174 [INFO] Status — API: ok  Kobold: failed  Restarts: api=0 kobold=0
2026-05-13 03:46:30,181 [WARNING] kobold not responding on port 5001 — restarting…
2026-05-13 03:46:30,182 [WARNING] No .gguf model found — skipping KoboldCPP auto-start
2026-05-13 03:46:30,183 [INFO] Status — API: ok  Kobold: failed  Restarts: api=0 kobold=0
2026-05-13 03:47:00,190 [WARNING] kobold not responding on port 5001 — restarting…
2026-05-13 03:47:00,191 [WARNING] No .gguf model found — skipping KoboldCPP auto-start
2026-05-13 03:47:00,193 [INFO] Status — API: ok  Kobold: failed  Restarts: api=0 kobold=0
2026-05-13 03:47:30,200 [WARNING] kobold not responding on port 5001 — restarting…
2026-05-13 03:47:30,201 [WARNING] No .gguf model found — skipping KoboldCPP auto-start
2026-05-13 03:47:30,202 [INFO] Status — API: ok  Kobold: failed  Restarts: api=0 kobold=0
2026-05-13 03:48:00,210 [WARNING] kobold not responding on port 5001 — restarting…
2026-05-13 03:48:00,211 [WARNING] No .gguf model found — skipping KoboldCPP auto-start
2026-05-13 03:48:00,212 [INFO] Status — API: ok  Kobold: failed  Restarts: api=0 kobold=0
2026-05-13 03:48:30,219 [WARNING] kobold not responding on port 5001 — restarting…
2026-05-13 03:48:30,221 [WARNING] No .gguf model found — skipping KoboldCPP auto-start
2026-05-13 03:48:30,222 [INFO] Status — API: ok  Kobold: failed  Restarts: api=0 kobold=0
2026-05-13 03:49:00,229 [WARNING] kobold not responding on port 5001 — restarting…
2026-05-13 03:49:00,230 [WARNING] No .gguf model found — skipping KoboldCPP auto-start
2026-05-13 03:49:00,231 [INFO] Status — API: ok  Kobold: failed  Restarts: api=0 kobold=0
2026-05-13 03:49:30,239 [WARNING] kobold not responding on port 5001 — restarting…
2026-05-13 03:49:30,240 [WARNING] No .gguf model found — skipping KoboldCPP auto-start
2026-05-13 03:49:30,241 [INFO] Status — API: ok  Kobold: failed  Restarts: api=0 kobold=0
2026-05-13 03:50:00,248 [WARNING] kobold not responding on port 5001 — restarting…
2026-05-13 03:50:00,250 [WARNING] No .gguf model found — skipping KoboldCPP auto-start
2026-05-13 03:50:00,251 [INFO] Status — API: ok  Kobold: failed  Restarts: api=0 kobold=0
2026-05-13 03:50:30,258 [WARNING] kobold not responding on port 5001 — restarting…
2026-05-13 03:50:30,259 [WARNING] No .gguf model found — skipping KoboldCPP auto-start
2026-05-13 03:50:30,260 [INFO] Status — API: ok  Kobold: failed  Restarts: api=0 kobold=0
2026-05-13 03:51:00,267 [WARNING] kobold not responding on port 5001 — restarting…
2026-05-13 03:51:00,269 [WARNING] No .gguf model found — skipping KoboldCPP auto-start
2026-05-13 03:51:00,270 [INFO] Status — API: ok  Kobold: failed  Restarts: api=0 kobold=0
2026-05-13 03:51:30,277 [WARNING] kobold not responding on port 5001 — restarting…
2026-05-13 03:51:30,279 [WARNING] No .gguf model found — skipping KoboldCPP auto-start
2026-05-13 03:51:30,280 [INFO] Status — API: ok  Kobold: failed  Restarts: api=0 kobold=0
2026-05-13 03:52:00,286 [WARNING] kobold not responding on port 5001 — restarting…
2026-05-13 03:52:00,288 [WARNING] No .gguf model found — skipping KoboldCPP auto-start
2026-05-13 03:52:00,289 [INFO] Status — API: ok  Kobold: failed  Restarts: api=0 kobold=0
2026-05-13 03:52:30,296 [WARNING] kobold not responding on port 5001 — restarting…
2026-05-13 03:52:30,297 [WARNING] No .gguf model found — skipping KoboldCPP auto-start
2026-05-13 03:52:30,298 [INFO] Status — API: ok  Kobold: failed  Restarts: api=0 kobold=0
2026-05-13 03:53:00,306 [WARNING] kobold not responding on port 5001 — restarting…
2026-05-13 03:53:00,307 [WARNING] No .gguf model found — skipping KoboldCPP auto-start
2026-05-13 03:53:00,308 [INFO] Status — API: ok  Kobold: failed  Restarts: api=0 kobold=0
2026-05-13 03:53:30,315 [WARNING] kobold not responding on port 5001 — restarting…
2026-05-13 03:53:30,317 [WARNING] No .gguf model found — skipping KoboldCPP auto-start
2026-05-13 03:53:30,318 [INFO] Status — API: ok  Kobold: failed  Restarts: api=0 kobold=0
2026-05-13 03:54:00,325 [WARNING] kobold not responding on port 5001 — restarting…
2026-05-13 03:54:00,326 [WARNING] No .gguf model found — skipping KoboldCPP auto-start
2026-05-13 03:54:00,327 [INFO] Status — API: ok  Kobold: failed  Restarts: api=0 kobold=0
2026-05-13 03:54:30,334 [WARNING] kobold not responding on port 5001 — restarting…
2026-05-13 03:54:30,335 [WARNING] No .gguf model found — skipping KoboldCPP auto-start
2026-05-13 03:54:30,337 [INFO] Status — API: ok  Kobold: failed  Restarts: api=0 kobold=0
2026-05-13 03:55:00,344 [WARNING] kobold not responding on port 5001 — restarting…
2026-05-13 03:55:00,345 [WARNING] No .gguf model found — skipping KoboldCPP auto-start
2026-05-13 03:55:00,346 [INFO] Status — API: ok  Kobold: failed  Restarts: api=0 kobold=0
2026-05-13 03:55:30,353 [WARNING] kobold not responding on port 5001 — restarting…
2026-05-13 03:55:30,354 [WARNING] No .gguf model found — skipping KoboldCPP auto-start
2026-05-13 03:55:30,356 [INFO] Status — API: ok  Kobold: failed  Restarts: api=0 kobold=0
2026-05-13 03:56:00,363 [WARNING] kobold not responding on port 5001 — restarting…
2026-05-13 03:56:00,364 [WARNING] No .gguf model found — skipping KoboldCPP auto-start
2026-05-13 03:56:00,365 [INFO] Status — API: ok  Kobold: failed  Restarts: api=0 kobold=0
2026-05-13 03:56:30,372 [WARNING] kobold not responding on port 5001 — restarting…
2026-05-13 03:56:30,374 [WARNING] No .gguf model found — skipping KoboldCPP auto-start
2026-05-13 03:56:30,375 [INFO] Status — API: ok  Kobold: failed  Restarts: api=0 kobold=0
2026-05-13 03:57:00,382 [WARNING] kobold not responding on port 5001 — restarting…
2026-05-13 03:57:00,383 [WARNING] No .gguf model found — skipping KoboldCPP auto-start
2026-05-13 03:57:00,384 [INFO] Status — API: ok  Kobold: failed  Restarts: api=0 kobold=0
2026-05-13 03:57:30,391 [WARNING] kobold not responding on port 5001 — restarting…
2026-05-13 03:57:30,393 [WARNING] No .gguf model found — skipping KoboldCPP auto-start
2026-05-13 03:57:30,394 [INFO] Status — API: ok  Kobold: failed  Restarts: api=0 kobold=0
2026-05-13 03:58:00,400 [WARNING] kobold not responding on port 5001 — restarting…
2026-05-13 03:58:00,402 [WARNING] No .gguf model found — skipping KoboldCPP auto-start
2026-05-13 03:58:00,403 [INFO] Status — API: ok  Kobold: failed  Restarts: api=0 kobold=0
2026-05-13 03:58:30,409 [WARNING] kobold not responding on port 5001 — restarting…
2026-05-13 03:58:30,410 [WARNING] No .gguf model found — skipping KoboldCPP auto-start
2026-05-13 03:58:30,411 [INFO] Status — API: ok  Kobold: failed  Restarts: api=0 kobold=0
2026-05-13 03:59:00,418 [WARNING] kobold not responding on port 5001 — restarting…
2026-05-13 03:59:00,419 [WARNING] No .gguf model found — skipping KoboldCPP auto-start
2026-05-13 03:59:00,420 [INFO] Status — API: ok  Kobold: failed  Restarts: api=0 kobold=0
2026-05-13 03:59:30,428 [WARNING] kobold not responding on port 5001 — restarting…
2026-05-13 03:59:30,429 [WARNING] No .gguf model found — skipping KoboldCPP auto-start
2026-05-13 03:59:30,430 [INFO] Status — API: ok  Kobold: failed  Restarts: api=0 kobold=0
2026-05-13 04:00:00,437 [WARNING] kobold not responding on port 5001 — restarting…
2026-05-13 04:00:00,438 [WARNING] No .gguf model found — skipping KoboldCPP auto-start
2026-05-13 04:00:00,439 [INFO] Status — API: ok  Kobold: failed  Restarts: api=0 kobold=0
2026-05-13 04:00:30,446 [WARNING] kobold not responding on port 5001 — restarting…
2026-05-13 04:00:30,448 [WARNING] No .gguf model found — skipping KoboldCPP auto-start
2026-05-13 04:00:30,449 [INFO] Status — API: ok  Kobold: failed  Restarts: api=0 kobold=0
2026-05-13 04:01:00,456 [WARNING] kobold not responding on port 5001 — restarting…
2026-05-13 04:01:00,457 [WARNING] No .gguf model found — skipping KoboldCPP auto-start
2026-05-13 04:01:00,458 [INFO] Status — API: ok  Kobold: failed  Restarts: api=0 kobold=0
2026-05-13 04:01:30,465 [WARNING] kobold not responding on port 5001 — restarting…
2026-05-13 04:01:30,466 [WARNING] No .gguf model found — skipping KoboldCPP auto-start
2026-05-13 04:01:30,467 [INFO] Status — API: ok  Kobold: failed  Restarts: api=0 kobold=0
2026-05-13 04:02:00,474 [WARNING] kobold not responding on port 5001 — restarting…
2026-05-13 04:02:00,476 [WARNING] No .gguf model found — skipping KoboldCPP auto-start
2026-05-13 04:02:00,477 [INFO] Status — API: ok  Kobold: failed  Restarts: api=0 kobold=0
2026-05-13 04:02:30,483 [WARNING] kobold not responding on port 5001 — restarting…
2026-05-13 04:02:30,484 [WARNING] No .gguf model found — skipping KoboldCPP auto-start
2026-05-13 04:02:30,484 [INFO] Status — API: ok  Kobold: failed  Restarts: api=0 kobold=0
2026-05-13 04:03:00,490 [WARNING] kobold not responding on port 5001 — restarting…
2026-05-13 04:03:00,491 [WARNING] No .gguf model found — skipping KoboldCPP auto-start
2026-05-13 04:03:00,492 [INFO] Status — API: ok  Kobold: failed  Restarts: api=0 kobold=0
2026-05-13 04:03:30,498 [WARNING] kobold not responding on port 5001 — restarting…
2026-05-13 04:03:30,500 [WARNING] No .gguf model found — skipping KoboldCPP auto-start
2026-05-13 04:03:30,501 [INFO] Status — API: ok  Kobold: failed  Restarts: api=0 kobold=0
2026-05-13 04:04:00,508 [WARNING] kobold not responding on port 5001 — restarting…
2026-05-13 04:04:00,509 [WARNING] No .gguf model found — skipping KoboldCPP auto-start
2026-05-13 04:04:00,510 [INFO] Status — API: ok  Kobold: failed  Restarts: api=0 kobold=0
2026-05-13 04:04:30,517 [WARNING] kobold not responding on port 5001 — restarting…
2026-05-13 04:04:30,519 [WARNING] No .gguf model found — skipping KoboldCPP auto-start
2026-05-13 04:04:30,520 [INFO] Status — API: ok  Kobold: failed  Restarts: api=0 kobold=0
2026-05-13 04:05:00,527 [WARNING] kobold not responding on port 5001 — restarting…
2026-05-13 04:05:00,528 [WARNING] No .gguf model found — skipping KoboldCPP auto-start
2026-05-13 04:05:00,529 [INFO] Status — API: ok  Kobold: failed  Restarts: api=0 kobold=0
2026-05-13 04:05:30,537 [WARNING] kobold not responding on port 5001 — restarting…
2026-05-13 04:05:30,538 [WARNING] No .gguf model found — skipping KoboldCPP auto-start
2026-05-13 04:05:30,539 [INFO] Status — API: ok  Kobold: failed  Restarts: api=0 kobold=0
2026-05-13 04:06:00,546 [WARNING] kobold not responding on port 5001 — restarting…
2026-05-13 04:06:00,547 [WARNING] No .gguf model found — skipping KoboldCPP auto-start
2026-05-13 04:06:00,548 [INFO] Status — API: ok  Kobold: failed  Restarts: api=0 kobold=0
2026-05-13 04:06:30,555 [WARNING] kobold not responding on port 5001 — restarting…
2026-05-13 04:06:30,557 [WARNING] No .gguf model found — skipping KoboldCPP auto-start
2026-05-13 04:06:30,558 [INFO] Status — API: ok  Kobold: failed  Restarts: api=0 kobold=0
2026-05-13 04:07:00,565 [WARNING] kobold not responding on port 5001 — restarting…
2026-05-13 04:07:00,567 [WARNING] No .gguf model found — skipping KoboldCPP auto-start
2026-05-13 04:07:00,568 [INFO] Status — API: ok  Kobold: failed  Restarts: api=0 kobold=0
2026-05-13 04:07:30,575 [WARNING] kobold not responding on port 5001 — restarting…
2026-05-13 04:07:30,577 [WARNING] No .gguf model found — skipping KoboldCPP auto-start
2026-05-13 04:07:30,578 [INFO] Status — API: ok  Kobold: failed  Restarts: api=0 kobold=0
2026-05-13 04:08:00,585 [WARNING] kobold not responding on port 5001 — restarting…
2026-05-13 04:08:00,587 [WARNING] No .gguf model found — skipping KoboldCPP auto-start
2026-05-13 04:08:00,588 [INFO] Status — API: ok  Kobold: failed  Restarts: api=0 kobold=0
2026-05-13 04:08:30,595 [WARNING] kobold not responding on port 5001 — restarting…
2026-05-13 04:08:30,597 [WARNING] No .gguf model found — skipping KoboldCPP auto-start
2026-05-13 04:08:30,598 [INFO] Status — API: ok  Kobold: failed  Restarts: api=0 kobold=0
2026-05-13 04:09:00,605 [WARNING] kobold not responding on port 5001 — restarting…
2026-05-13 04:09:00,606 [WARNING] No .gguf model found — skipping KoboldCPP auto-start
2026-05-13 04:09:00,607 [INFO] Status — API: ok  Kobold: failed  Restarts: api=0 kobold=0
2026-05-13 04:09:30,614 [WARNING] kobold not responding on port 5001 — restarting…
2026-05-13 04:09:30,616 [WARNING] No .gguf model found — skipping KoboldCPP auto-start
2026-05-13 04:09:30,617 [INFO] Status — API: ok  Kobold: failed  Restarts: api=0 kobold=0
2026-05-13 04:10:00,624 [WARNING] kobold not responding on port 5001 — restarting…
2026-05-13 04:10:00,625 [WARNING] No .gguf model found — skipping KoboldCPP auto-start
2026-05-13 04:10:00,626 [INFO] Status — API: ok  Kobold: failed  Restarts: api=0 kobold=0
2026-05-13 04:10:30,633 [WARNING] kobold not responding on port 5001 — restarting…
2026-05-13 04:10:30,635 [WARNING] No .gguf model found — skipping KoboldCPP auto-start
2026-05-13 04:10:30,636 [INFO] Status — API: ok  Kobold: failed  Restarts: api=0 kobold=0
2026-05-13 04:11:00,643 [WARNING] kobold not responding on port 5001 — restarting…
2026-05-13 04:11:00,644 [WARNING] No .gguf model found — skipping KoboldCPP auto-start
2026-05-13 04:11:00,645 [INFO] Status — API: ok  Kobold: failed  Restarts: api=0 kobold=0
2026-05-13 04:11:30,653 [WARNING] kobold not responding on port 5001 — restarting…
2026-05-13 04:11:30,655 [WARNING] No .gguf model found — skipping KoboldCPP auto-start
2026-05-13 04:11:30,656 [INFO] Status — API: ok  Kobold: failed  Restarts: api=0 kobold=0
2026-05-13 04:12:00,663 [WARNING] kobold not responding on port 5001 — restarting…
2026-05-13 04:12:00,664 [WARNING] No .gguf model found — skipping KoboldCPP auto-start
2026-05-13 04:12:00,666 [INFO] Status — API: ok  Kobold: failed  Restarts: api=0 kobold=0
2026-05-13 04:12:30,673 [WARNING] kobold not responding on port 5001 — restarting…
2026-05-13 04:12:30,674 [WARNING] No .gguf model found — skipping KoboldCPP auto-start
2026-05-13 04:12:30,675 [INFO] Status — API: ok  Kobold: failed  Restarts: api=0 kobold=0
2026-05-13 04:13:00,682 [WARNING] kobold not responding on port 5001 — restarting…
2026-05-13 04:13:00,683 [WARNING] No .gguf model found — skipping KoboldCPP auto-start
2026-05-13 04:13:00,685 [INFO] Status — API: ok  Kobold: failed  Restarts: api=0 kobold=0
2026-05-13 04:13:30,692 [WARNING] kobold not responding on port 5001 — restarting…
2026-05-13 04:13:30,693 [WARNING] No .gguf model found — skipping KoboldCPP auto-start
2026-05-13 04:13:30,694 [INFO] Status — API: ok  Kobold: failed  Restarts: api=0 kobold=0
2026-05-13 04:14:00,701 [WARNING] kobold not responding on port 5001 — restarting…
2026-05-13 04:14:00,703 [WARNING] No .gguf model found — skipping KoboldCPP auto-start
2026-05-13 04:14:00,704 [INFO] Status — API: ok  Kobold: failed  Restarts: api=0 kobold=0
2026-05-13 04:14:30,711 [WARNING] kobold not responding on port 5001 — restarting…
2026-05-13 04:14:30,713 [WARNING] No .gguf model found — skipping KoboldCPP auto-start
2026-05-13 04:14:30,714 [INFO] Status — API: ok  Kobold: failed  Restarts: api=0 kobold=0
2026-05-13 04:15:00,721 [WARNING] kobold not responding on port 5001 — restarting…
2026-05-13 04:15:00,722 [WARNING] No .gguf model found — skipping KoboldCPP auto-start
2026-05-13 04:15:00,723 [INFO] Status — API: ok  Kobold: failed  Restarts: api=0 kobold=0
2026-05-13 04:15:30,730 [WARNING] kobold not responding on port 5001 — restarting…
2026-05-13 04:15:30,732 [WARNING] No .gguf model found — skipping KoboldCPP auto-start
2026-05-13 04:15:30,733 [INFO] Status — API: ok  Kobold: failed  Restarts: api=0 kobold=0
2026-05-13 04:16:00,740 [WARNING] kobold not responding on port 5001 — restarting…
2026-05-13 04:16:00,741 [WARNING] No .gguf model found — skipping KoboldCPP auto-start
2026-05-13 04:16:00,742 [INFO] Status — API: ok  Kobold: failed  Restarts: api=0 kobold=0
2026-05-13 04:16:30,750 [WARNING] kobold not responding on port 5001 — restarting…
2026-05-13 04:16:30,751 [WARNING] No .gguf model found — skipping KoboldCPP auto-start
2026-05-13 04:16:30,752 [INFO] Status — API: ok  Kobold: failed  Restarts: api=0 kobold=0
2026-05-13 04:17:00,759 [WARNING] kobold not responding on port 5001 — restarting…
2026-05-13 04:17:00,760 [WARNING] No .gguf model found — skipping KoboldCPP auto-start
2026-05-13 04:17:00,762 [INFO] Status — API: ok  Kobold: failed  Restarts: api=0 kobold=0
2026-05-13 04:17:30,769 [WARNING] kobold not responding on port 5001 — restarting…
2026-05-13 04:17:30,770 [WARNING] No .gguf model found — skipping KoboldCPP auto-start
2026-05-13 04:17:30,771 [INFO] Status — API: ok  Kobold: failed  Restarts: api=0 kobold=0
2026-05-13 04:18:00,778 [WARNING] kobold not responding on port 5001 — restarting…
2026-05-13 04:18:00,780 [WARNING] No .gguf model found — skipping KoboldCPP auto-start
2026-05-13 04:18:00,781 [INFO] Status — API: ok  Kobold: failed  Restarts: api=0 kobold=0
2026-05-13 04:18:30,788 [WARNING] kobold not responding on port 5001 — restarting…
2026-05-13 04:18:30,789 [WARNING] No .gguf model found — skipping KoboldCPP auto-start
2026-05-13 04:18:30,790 [INFO] Status — API: ok  Kobold: failed  Restarts: api=0 kobold=0
2026-05-13 04:19:00,797 [WARNING] kobold not responding on port 5001 — restarting…
2026-05-13 04:19:00,799 [WARNING] No .gguf model found — skipping KoboldCPP auto-start
2026-05-13 04:19:00,800 [INFO] Status — API: ok  Kobold: failed  Restarts: api=0 kobold=0
2026-05-13 04:19:30,807 [WARNING] kobold not responding on port 5001 — restarting…
2026-05-13 04:19:30,808 [WARNING] No .gguf model found — skipping KoboldCPP auto-start
2026-05-13 04:19:30,809 [INFO] Status — API: ok  Kobold: failed  Restarts: api=0 kobold=0
2026-05-13 04:20:00,816 [WARNING] kobold not responding on port 5001 — restarting…
2026-05-13 04:20:00,818 [WARNING] No .gguf model found — skipping KoboldCPP auto-start
2026-05-13 04:20:00,819 [INFO] Status — API: ok  Kobold: failed  Restarts: api=0 kobold=0
2026-05-13 04:20:30,826 [WARNING] kobold not responding on port 5001 — restarting…
2026-05-13 04:20:30,828 [WARNING] No .gguf model found — skipping KoboldCPP auto-start
2026-05-13 04:20:30,829 [INFO] Status — API: ok  Kobold: failed  Restarts: api=0 kobold=0
2026-05-13 04:21:00,836 [WARNING] kobold not responding on port 5001 — restarting…
2026-05-13 04:21:00,837 [WARNING] No .gguf model found — skipping KoboldCPP auto-start
2026-05-13 04:21:00,838 [INFO] Status — API: ok  Kobold: failed  Restarts: api=0 kobold=0
2026-05-13 04:21:30,845 [WARNING] kobold not responding on port 5001 — restarting…
2026-05-13 04:21:30,847 [WARNING] No .gguf model found — skipping KoboldCPP auto-start
2026-05-13 04:21:30,848 [INFO] Status — API: ok  Kobold: failed  Restarts: api=0 kobold=0
2026-05-13 04:22:00,855 [WARNING] kobold not responding on port 5001 — restarting…
2026-05-13 04:22:00,856 [WARNING] No .gguf model found — skipping KoboldCPP auto-start
2026-05-13 04:22:00,857 [INFO] Status — API: ok  Kobold: failed  Restarts: api=0 kobold=0
2026-05-13 04:22:30,864 [WARNING] kobold not responding on port 5001 — restarting…
2026-05-13 04:22:30,866 [WARNING] No .gguf model found — skipping KoboldCPP auto-start
2026-05-13 04:22:30,867 [INFO] Status — API: ok  Kobold: failed  Restarts: api=0 kobold=0
2026-05-13 04:23:00,874 [WARNING] kobold not responding on port 5001 — restarting…
2026-05-13 04:23:00,875 [WARNING] No .gguf model found — skipping KoboldCPP auto-start
2026-05-13 04:23:00,876 [INFO] Status — API: ok  Kobold: failed  Restarts: api=0 kobold=0
2026-05-13 04:23:30,884 [WARNING] kobold not responding on port 5001 — restarting…
2026-05-13 04:23:30,885 [WARNING] No .gguf model found — skipping KoboldCPP auto-start
2026-05-13 04:23:30,886 [INFO] Status — API: ok  Kobold: failed  Restarts: api=0 kobold=0
2026-05-13 04:24:00,905 [WARNING] kobold not responding on port 5001 — restarting…
2026-05-13 04:24:00,912 [WARNING] No .gguf model found — skipping KoboldCPP auto-start
2026-05-13 04:24:00,912 [INFO] Status — API: ok  Kobold: failed  Restarts: api=0 kobold=0
2026-05-13 04:24:30,919 [WARNING] kobold not responding on port 5001 — restarting…
2026-05-13 04:24:30,921 [WARNING] No .gguf model found — skipping KoboldCPP auto-start
2026-05-13 04:24:30,922 [INFO] Status — API: ok  Kobold: failed  Restarts: api=0 kobold=0
2026-05-13 04:25:00,928 [WARNING] kobold not responding on port 5001 — restarting…
2026-05-13 04:25:00,930 [WARNING] No .gguf model found — skipping KoboldCPP auto-start
2026-05-13 04:25:00,931 [INFO] Status — API: ok  Kobold: failed  Restarts: api=0 kobold=0
2026-05-13 04:25:30,938 [WARNING] kobold not responding on port 5001 — restarting…
2026-05-13 04:25:30,939 [WARNING] No .gguf model found — skipping KoboldCPP auto-start
2026-05-13 04:25:30,940 [INFO] Status — API: ok  Kobold: failed  Restarts: api=0 kobold=0
2026-05-13 04:26:00,947 [WARNING] kobold not responding on port 5001 — restarting…
2026-05-13 04:26:00,949 [WARNING] No .gguf model found — skipping KoboldCPP auto-start
2026-05-13 04:26:00,950 [INFO] Status — API: ok  Kobold: failed  Restarts: api=0 kobold=0
2026-05-13 04:26:30,957 [WARNING] kobold not responding on port 5001 — restarting…
2026-05-13 04:26:30,958 [WARNING] No .gguf model found — skipping KoboldCPP auto-start
2026-05-13 04:26:30,959 [INFO] Status — API: ok  Kobold: failed  Restarts: api=0 kobold=0
2026-05-13 04:27:00,965 [WARNING] kobold not responding on port 5001 — restarting…
2026-05-13 04:27:00,967 [WARNING] No .gguf model found — skipping KoboldCPP auto-start
2026-05-13 04:27:00,968 [INFO] Status — API: ok  Kobold: failed  Restarts: api=0 kobold=0
2026-05-13 04:27:30,974 [WARNING] kobold not responding on port 5001 — restarting…
2026-05-13 04:27:30,975 [WARNING] No .gguf model found — skipping KoboldCPP auto-start
2026-05-13 04:27:30,976 [INFO] Status — API: ok  Kobold: failed  Restarts: api=0 kobold=0
2026-05-13 04:28:00,983 [WARNING] kobold not responding on port 5001 — restarting…
2026-05-13 04:28:00,984 [WARNING] No .gguf model found — skipping KoboldCPP auto-start
2026-05-13 04:28:00,985 [INFO] Status — API: ok  Kobold: failed  Restarts: api=0 kobold=0
2026-05-13 04:28:30,992 [WARNING] kobold not responding on port 5001 — restarting…
2026-05-13 04:28:30,993 [WARNING] No .gguf model found — skipping KoboldCPP auto-start
2026-05-13 04:28:30,994 [INFO] Status — API: ok  Kobold: failed  Restarts: api=0 kobold=0
2026-05-13 04:29:01,001 [WARNING] kobold not responding on port 5001 — restarting…
2026-05-13 04:29:01,002 [WARNING] No .gguf model found — skipping KoboldCPP auto-start
2026-05-13 04:29:01,003 [INFO] Status — API: ok  Kobold: failed  Restarts: api=0 kobold=0
2026-05-13 04:29:31,010 [WARNING] kobold not responding on port 5001 — restarting…
2026-05-13 04:29:31,011 [WARNING] No .gguf model found — skipping KoboldCPP auto-start
2026-05-13 04:29:31,012 [INFO] Status — API: ok  Kobold: failed  Restarts: api=0 kobold=0
2026-05-13 04:30:01,019 [WARNING] kobold not responding on port 5001 — restarting…
2026-05-13 04:30:01,020 [WARNING] No .gguf model found — skipping KoboldCPP auto-start
2026-05-13 04:30:01,021 [INFO] Status — API: ok  Kobold: failed  Restarts: api=0 kobold=0
2026-05-13 04:30:31,028 [WARNING] kobold not responding on port 5001 — restarting…
2026-05-13 04:30:31,030 [WARNING] No .gguf model found — skipping KoboldCPP auto-start
2026-05-13 04:30:31,031 [INFO] Status — API: ok  Kobold: failed  Restarts: api=0 kobold=0
2026-05-13 04:31:01,037 [WARNING] kobold not responding on port 5001 — restarting…
2026-05-13 04:31:01,039 [WARNING] No .gguf model found — skipping KoboldCPP auto-start
2026-05-13 04:31:01,040 [INFO] Status — API: ok  Kobold: failed  Restarts: api=0 kobold=0
2026-05-13 04:31:31,047 [WARNING] kobold not responding on port 5001 — restarting…
2026-05-13 04:31:31,049 [WARNING] No .gguf model found — skipping KoboldCPP auto-start
2026-05-13 04:31:31,050 [INFO] Status — API: ok  Kobold: failed  Restarts: api=0 kobold=0
2026-05-13 04:32:01,057 [WARNING] kobold not responding on port 5001 — restarting…
2026-05-13 04:32:01,058 [WARNING] No .gguf model found — skipping KoboldCPP auto-start
2026-05-13 04:32:01,059 [INFO] Status — API: ok  Kobold: failed  Restarts: api=0 kobold=0
2026-05-13 04:32:31,066 [WARNING] kobold not responding on port 5001 — restarting…
2026-05-13 04:32:31,067 [WARNING] No .gguf model found — skipping KoboldCPP auto-start
2026-05-13 04:32:31,068 [INFO] Status — API: ok  Kobold: failed  Restarts: api=0 kobold=0
2026-05-13 04:33:01,075 [WARNING] kobold not responding on port 5001 — restarting…
2026-05-13 04:33:01,076 [WARNING] No .gguf model found — skipping KoboldCPP auto-start
2026-05-13 04:33:01,077 [INFO] Status — API: ok  Kobold: failed  Restarts: api=0 kobold=0
2026-05-13 04:33:31,084 [WARNING] kobold not responding on port 5001 — restarting…
2026-05-13 04:33:31,085 [WARNING] No .gguf model found — skipping KoboldCPP auto-start
2026-05-13 04:33:31,086 [INFO] Status — API: ok  Kobold: failed  Restarts: api=0 kobold=0
2026-05-13 04:34:01,093 [WARNING] kobold not responding on port 5001 — restarting…
2026-05-13 04:34:01,094 [WARNING] No .gguf model found — skipping KoboldCPP auto-start
2026-05-13 04:34:01,096 [INFO] Status — API: ok  Kobold: failed  Restarts: api=0 kobold=0
2026-05-13 04:34:31,103 [WARNING] kobold not responding on port 5001 — restarting…
2026-05-13 04:34:31,104 [WARNING] No .gguf model found — skipping KoboldCPP auto-start
2026-05-13 04:34:31,105 [INFO] Status — API: ok  Kobold: failed  Restarts: api=0 kobold=0
2026-05-13 04:35:01,112 [WARNING] kobold not responding on port 5001 — restarting…
2026-05-13 04:35:01,113 [WARNING] No .gguf model found — skipping KoboldCPP auto-start
2026-05-13 04:35:01,114 [INFO] Status — API: ok  Kobold: failed  Restarts: api=0 kobold=0
2026-05-13 04:35:31,121 [WARNING] kobold not responding on port 5001 — restarting…
2026-05-13 04:35:31,122 [WARNING] No .gguf model found — skipping KoboldCPP auto-start
2026-05-13 04:35:31,123 [INFO] Status — API: ok  Kobold: failed  Restarts: api=0 kobold=0
2026-05-13 04:36:01,130 [WARNING] kobold not responding on port 5001 — restarting…
2026-05-13 04:36:01,132 [WARNING] No .gguf model found — skipping KoboldCPP auto-start
2026-05-13 04:36:01,133 [INFO] Status — API: ok  Kobold: failed  Restarts: api=0 kobold=0
2026-05-13 04:36:31,140 [WARNING] kobold not responding on port 5001 — restarting…
2026-05-13 04:36:31,141 [WARNING] No .gguf model found — skipping KoboldCPP auto-start
2026-05-13 04:36:31,142 [INFO] Status — API: ok  Kobold: failed  Restarts: api=0 kobold=0
2026-05-13 04:37:01,149 [WARNING] kobold not responding on port 5001 — restarting…
2026-05-13 04:37:01,150 [WARNING] No .gguf model found — skipping KoboldCPP auto-start
2026-05-13 04:37:01,151 [INFO] Status — API: ok  Kobold: failed  Restarts: api=0 kobold=0
2026-05-13 04:37:31,159 [WARNING] kobold not responding on port 5001 — restarting…
2026-05-13 04:37:31,160 [WARNING] No .gguf model found — skipping KoboldCPP auto-start
2026-05-13 04:37:31,161 [INFO] Status — API: ok  Kobold: failed  Restarts: api=0 kobold=0
2026-05-13 04:38:01,169 [WARNING] kobold not responding on port 5001 — restarting…
2026-05-13 04:38:01,170 [WARNING] No .gguf model found — skipping KoboldCPP auto-start
2026-05-13 04:38:01,171 [INFO] Status — API: ok  Kobold: failed  Restarts: api=0 kobold=0
2026-05-13 04:38:31,233 [WARNING] kobold not responding on port 5001 — restarting…
2026-05-13 04:38:31,233 [WARNING] No .gguf model found — skipping KoboldCPP auto-start
2026-05-13 04:38:31,244 [INFO] Status — API: ok  Kobold: failed  Restarts: api=0 kobold=0
2026-05-13 04:39:01,261 [WARNING] kobold not responding on port 5001 — restarting…
2026-05-13 04:39:01,262 [WARNING] No .gguf model found — skipping KoboldCPP auto-start
2026-05-13 04:39:01,262 [INFO] Status — API: ok  Kobold: failed  Restarts: api=0 kobold=0
2026-05-13 04:39:31,269 [WARNING] kobold not responding on port 5001 — restarting…
2026-05-13 04:39:31,270 [WARNING] No .gguf model found — skipping KoboldCPP auto-start
2026-05-13 04:39:31,271 [INFO] Status — API: ok  Kobold: failed  Restarts: api=0 kobold=0
2026-05-13 04:40:01,277 [WARNING] kobold not responding on port 5001 — restarting…
2026-05-13 04:40:01,278 [WARNING] No .gguf model found — skipping KoboldCPP auto-start
2026-05-13 04:40:01,279 [INFO] Status — API: ok  Kobold: failed  Restarts: api=0 kobold=0
2026-05-13 04:40:31,285 [WARNING] kobold not responding on port 5001 — restarting…
2026-05-13 04:40:31,286 [WARNING] No .gguf model found — skipping KoboldCPP auto-start
2026-05-13 04:40:31,286 [INFO] Status — API: ok  Kobold: failed  Restarts: api=0 kobold=0
2026-05-13 04:41:01,293 [WARNING] kobold not responding on port 5001 — restarting…
2026-05-13 04:41:01,294 [WARNING] No .gguf model found — skipping KoboldCPP auto-start
2026-05-13 04:41:01,296 [INFO] Status — API: ok  Kobold: failed  Restarts: api=0 kobold=0
2026-05-13 04:41:31,303 [WARNING] kobold not responding on port 5001 — restarting…
2026-05-13 04:41:31,304 [WARNING] No .gguf model found — skipping KoboldCPP auto-start
2026-05-13 04:41:31,305 [INFO] Status — API: ok  Kobold: failed  Restarts: api=0 kobold=0
2026-05-13 04:42:01,313 [WARNING] kobold not responding on port 5001 — restarting…
2026-05-13 04:42:01,314 [WARNING] No .gguf model found — skipping KoboldCPP auto-start
2026-05-13 04:42:01,321 [INFO] Status — API: ok  Kobold: failed  Restarts: api=0 kobold=0
2026-05-13 04:42:31,329 [WARNING] kobold not responding on port 5001 — restarting…
2026-05-13 04:42:31,330 [WARNING] No .gguf model found — skipping KoboldCPP auto-start
2026-05-13 04:42:31,331 [INFO] Status — API: ok  Kobold: failed  Restarts: api=0 kobold=0
2026-05-13 04:43:01,338 [WARNING] kobold not responding on port 5001 — restarting…
2026-05-13 04:43:01,339 [WARNING] No .gguf model found — skipping KoboldCPP auto-start
2026-05-13 04:43:01,340 [INFO] Status — API: ok  Kobold: failed  Restarts: api=0 kobold=0
2026-05-13 04:43:31,347 [WARNING] kobold not responding on port 5001 — restarting…
2026-05-13 04:43:31,348 [WARNING] No .gguf model found — skipping KoboldCPP auto-start
2026-05-13 04:43:31,349 [INFO] Status — API: ok  Kobold: failed  Restarts: api=0 kobold=0
2026-05-13 04:44:01,357 [WARNING] kobold not responding on port 5001 — restarting…
2026-05-13 04:44:01,359 [WARNING] No .gguf model found — skipping KoboldCPP auto-start
2026-05-13 04:44:01,360 [INFO] Status — API: ok  Kobold: failed  Restarts: api=0 kobold=0
2026-05-13 04:44:31,366 [WARNING] kobold not responding on port 5001 — restarting…
2026-05-13 04:44:31,367 [WARNING] No .gguf model found — skipping KoboldCPP auto-start
2026-05-13 04:44:31,368 [INFO] Status — API: ok  Kobold: failed  Restarts: api=0 kobold=0
2026-05-13 04:45:01,374 [WARNING] kobold not responding on port 5001 — restarting…
2026-05-13 04:45:01,374 [WARNING] No .gguf model found — skipping KoboldCPP auto-start
2026-05-13 04:45:01,375 [INFO] Status — API: ok  Kobold: failed  Restarts: api=0 kobold=0
2026-05-13 04:45:31,381 [WARNING] kobold not responding on port 5001 — restarting…
2026-05-13 04:45:31,383 [WARNING] No .gguf model found — skipping KoboldCPP auto-start
2026-05-13 04:45:31,384 [INFO] Status — API: ok  Kobold: failed  Restarts: api=0 kobold=0
2026-05-13 04:46:01,391 [WARNING] kobold not responding on port 5001 — restarting…
2026-05-13 04:46:01,392 [WARNING] No .gguf model found — skipping KoboldCPP auto-start
2026-05-13 04:46:01,393 [INFO] Status — API: ok  Kobold: failed  Restarts: api=0 kobold=0
2026-05-13 04:46:31,399 [WARNING] kobold not responding on port 5001 — restarting…
2026-05-13 04:46:31,400 [WARNING] No .gguf model found — skipping KoboldCPP auto-start
2026-05-13 04:46:31,401 [INFO] Status — API: ok  Kobold: failed  Restarts: api=0 kobold=0
2026-05-13 04:47:01,407 [WARNING] kobold not responding on port 5001 — restarting…
2026-05-13 04:47:01,409 [WARNING] No .gguf model found — skipping KoboldCPP auto-start
2026-05-13 04:47:01,410 [INFO] Status — API: ok  Kobold: failed  Restarts: api=0 kobold=0
2026-05-13 04:47:31,417 [WARNING] kobold not responding on port 5001 — restarting…
2026-05-13 04:47:31,418 [WARNING] No .gguf model found — skipping KoboldCPP auto-start
2026-05-13 04:47:31,419 [INFO] Status — API: ok  Kobold: failed  Restarts: api=0 kobold=0
2026-05-13 04:48:01,426 [WARNING] kobold not responding on port 5001 — restarting…
2026-05-13 04:48:01,428 [WARNING] No .gguf model found — skipping KoboldCPP auto-start
2026-05-13 04:48:01,429 [INFO] Status — API: ok  Kobold: failed  Restarts: api=0 kobold=0
2026-05-13 04:48:31,436 [WARNING] kobold not responding on port 5001 — restarting…
2026-05-13 04:48:31,438 [WARNING] No .gguf model found — skipping KoboldCPP auto-start
2026-05-13 04:48:31,439 [INFO] Status — API: ok  Kobold: failed  Restarts: api=0 kobold=0
2026-05-13 04:49:01,446 [WARNING] kobold not responding on port 5001 — restarting…
2026-05-13 04:49:01,447 [WARNING] No .gguf model found — skipping KoboldCPP auto-start
2026-05-13 04:49:01,448 [INFO] Status — API: ok  Kobold: failed  Restarts: api=0 kobold=0
2026-05-13 04:49:31,455 [WARNING] kobold not responding on port 5001 — restarting…
2026-05-13 04:49:31,456 [WARNING] No .gguf model found — skipping KoboldCPP auto-start
2026-05-13 04:49:31,458 [INFO] Status — API: ok  Kobold: failed  Restarts: api=0 kobold=0
2026-05-13 04:50:01,465 [WARNING] kobold not responding on port 5001 — restarting…
2026-05-13 04:50:01,466 [WARNING] No .gguf model found — skipping KoboldCPP auto-start
2026-05-13 04:50:01,467 [INFO] Status — API: ok  Kobold: failed  Restarts: api=0 kobold=0
2026-05-13 04:50:31,474 [WARNING] kobold not responding on port 5001 — restarting…
2026-05-13 04:50:31,475 [WARNING] No .gguf model found — skipping KoboldCPP auto-start
2026-05-13 04:50:31,477 [INFO] Status — API: ok  Kobold: failed  Restarts: api=0 kobold=0
2026-05-13 04:51:01,483 [WARNING] kobold not responding on port 5001 — restarting…
2026-05-13 04:51:01,484 [WARNING] No .gguf model found — skipping KoboldCPP auto-start
2026-05-13 04:51:01,485 [INFO] Status — API: ok  Kobold: failed  Restarts: api=0 kobold=0
2026-05-13 04:51:31,492 [WARNING] kobold not responding on port 5001 — restarting…
2026-05-13 04:51:31,494 [WARNING] No .gguf model found — skipping KoboldCPP auto-start
2026-05-13 04:51:31,495 [INFO] Status — API: ok  Kobold: failed  Restarts: api=0 kobold=0
2026-05-13 04:52:01,502 [WARNING] kobold not responding on port 5001 — restarting…
2026-05-13 04:52:01,503 [WARNING] No .gguf model found — skipping KoboldCPP auto-start
2026-05-13 04:52:01,504 [INFO] Status — API: ok  Kobold: failed  Restarts: api=0 kobold=0
2026-05-13 04:52:31,511 [WARNING] kobold not responding on port 5001 — restarting…
2026-05-13 04:52:31,513 [WARNING] No .gguf model found — skipping KoboldCPP auto-start
2026-05-13 04:52:31,514 [INFO] Status — API: ok  Kobold: failed  Restarts: api=0 kobold=0
2026-05-13 04:53:01,520 [WARNING] kobold not responding on port 5001 — restarting…
2026-05-13 04:53:01,522 [WARNING] No .gguf model found — skipping KoboldCPP auto-start
2026-05-13 04:53:01,523 [INFO] Status — API: ok  Kobold: failed  Restarts: api=0 kobold=0
2026-05-13 04:53:31,530 [WARNING] kobold not responding on port 5001 — restarting…
2026-05-13 04:53:31,532 [WARNING] No .gguf model found — skipping KoboldCPP auto-start
2026-05-13 04:53:31,533 [INFO] Status — API: ok  Kobold: failed  Restarts: api=0 kobold=0
2026-05-13 04:54:01,540 [WARNING] kobold not responding on port 5001 — restarting…
2026-05-13 04:54:01,541 [WARNING] No .gguf model found — skipping KoboldCPP auto-start
2026-05-13 04:54:01,542 [INFO] Status — API: ok  Kobold: failed  Restarts: api=0 kobold=0
2026-05-13 04:54:31,549 [WARNING] kobold not responding on port 5001 — restarting…
2026-05-13 04:54:31,550 [WARNING] No .gguf model found — skipping KoboldCPP auto-start
2026-05-13 04:54:31,551 [INFO] Status — API: ok  Kobold: failed  Restarts: api=0 kobold=0
2026-05-13 04:55:01,558 [WARNING] kobold not responding on port 5001 — restarting…
2026-05-13 04:55:01,559 [WARNING] No .gguf model found — skipping KoboldCPP auto-start
2026-05-13 04:55:01,560 [INFO] Status — API: ok  Kobold: failed  Restarts: api=0 kobold=0
2026-05-13 04:55:31,567 [WARNING] kobold not responding on port 5001 — restarting…
2026-05-13 04:55:31,568 [WARNING] No .gguf model found — skipping KoboldCPP auto-start
2026-05-13 04:55:31,569 [INFO] Status — API: ok  Kobold: failed  Restarts: api=0 kobold=0
2026-05-13 04:56:01,575 [WARNING] kobold not responding on port 5001 — restarting…
2026-05-13 04:56:01,577 [WARNING] No .gguf model found — skipping KoboldCPP auto-start
2026-05-13 04:56:01,578 [INFO] Status — API: ok  Kobold: failed  Restarts: api=0 kobold=0
2026-05-13 04:56:31,585 [WARNING] kobold not responding on port 5001 — restarting…
2026-05-13 04:56:31,586 [WARNING] No .gguf model found — skipping KoboldCPP auto-start
2026-05-13 04:56:31,587 [INFO] Status — API: ok  Kobold: failed  Restarts: api=0 kobold=0
2026-05-13 04:57:01,594 [WARNING] kobold not responding on port 5001 — restarting…
2026-05-13 04:57:01,595 [WARNING] No .gguf model found — skipping KoboldCPP auto-start
2026-05-13 04:57:01,596 [INFO] Status — API: ok  Kobold: failed  Restarts: api=0 kobold=0
2026-05-13 04:57:31,603 [WARNING] kobold not responding on port 5001 — restarting…
2026-05-13 04:57:31,604 [WARNING] No .gguf model found — skipping KoboldCPP auto-start
2026-05-13 04:57:31,605 [INFO] Status — API: ok  Kobold: failed  Restarts: api=0 kobold=0
2026-05-13 04:58:01,612 [WARNING] kobold not responding on port 5001 — restarting…
2026-05-13 04:58:01,613 [WARNING] No .gguf model found — skipping KoboldCPP auto-start
2026-05-13 04:58:01,614 [INFO] Status — API: ok  Kobold: failed  Restarts: api=0 kobold=0
2026-05-13 04:58:31,621 [WARNING] kobold not responding on port 5001 — restarting…
2026-05-13 04:58:31,622 [WARNING] No .gguf model found — skipping KoboldCPP auto-start
2026-05-13 04:58:31,623 [INFO] Status — API: ok  Kobold: failed  Restarts: api=0 kobold=0
2026-05-13 04:59:01,630 [WARNING] kobold not responding on port 5001 — restarting…
2026-05-13 04:59:01,631 [WARNING] No .gguf model found — skipping KoboldCPP auto-start
2026-05-13 04:59:01,632 [INFO] Status — API: ok  Kobold: failed  Restarts: api=0 kobold=0
2026-05-13 04:59:31,639 [WARNING] kobold not responding on port 5001 — restarting…
2026-05-13 04:59:31,641 [WARNING] No .gguf model found — skipping KoboldCPP auto-start
2026-05-13 04:59:31,642 [INFO] Status — API: ok  Kobold: failed  Restarts: api=0 kobold=0
2026-05-13 05:00:01,648 [WARNING] kobold not responding on port 5001 — restarting…
2026-05-13 05:00:01,650 [WARNING] No .gguf model found — skipping KoboldCPP auto-start
2026-05-13 05:00:01,651 [INFO] Status — API: ok  Kobold: failed  Restarts: api=0 kobold=0
2026-05-13 05:00:31,658 [WARNING] kobold not responding on port 5001 — restarting…
2026-05-13 05:00:31,659 [WARNING] No .gguf model found — skipping KoboldCPP auto-start
2026-05-13 05:00:31,660 [INFO] Status — API: ok  Kobold: failed  Restarts: api=0 kobold=0
2026-05-13 05:01:01,667 [WARNING] kobold not responding on port 5001 — restarting…
2026-05-13 05:01:01,668 [WARNING] No .gguf model found — skipping KoboldCPP auto-start
2026-05-13 05:01:01,669 [INFO] Status — API: ok  Kobold: failed  Restarts: api=0 kobold=0
2026-05-13 05:01:31,676 [WARNING] kobold not responding on port 5001 — restarting…
2026-05-13 05:01:31,677 [WARNING] No .gguf model found — skipping KoboldCPP auto-start
2026-05-13 05:01:31,678 [INFO] Status — API: ok  Kobold: failed  Restarts: api=0 kobold=0
2026-05-13 05:02:01,685 [WARNING] kobold not responding on port 5001 — restarting…
2026-05-13 05:02:01,687 [WARNING] No .gguf model found — skipping KoboldCPP auto-start
2026-05-13 05:02:01,688 [INFO] Status — API: ok  Kobold: failed  Restarts: api=0 kobold=0
2026-05-13 05:02:31,694 [WARNING] kobold not responding on port 5001 — restarting…
2026-05-13 05:02:31,695 [WARNING] No .gguf model found — skipping KoboldCPP auto-start
2026-05-13 05:02:31,697 [INFO] Status — API: ok  Kobold: failed  Restarts: api=0 kobold=0
2026-05-13 05:03:01,703 [WARNING] kobold not responding on port 5001 — restarting…
2026-05-13 05:03:01,705 [WARNING] No .gguf model found — skipping KoboldCPP auto-start
2026-05-13 05:03:01,706 [INFO] Status — API: ok  Kobold: failed  Restarts: api=0 kobold=0
2026-05-13 05:03:31,713 [WARNING] kobold not responding on port 5001 — restarting…
2026-05-13 05:03:31,714 [WARNING] No .gguf model found — skipping KoboldCPP auto-start
2026-05-13 05:03:31,715 [INFO] Status — API: ok  Kobold: failed  Restarts: api=0 kobold=0
2026-05-13 05:04:01,722 [WARNING] kobold not responding on port 5001 — restarting…
2026-05-13 05:04:01,723 [WARNING] No .gguf model found — skipping KoboldCPP auto-start
2026-05-13 05:04:01,724 [INFO] Status — API: ok  Kobold: failed  Restarts: api=0 kobold=0
2026-05-13 05:04:31,731 [WARNING] kobold not responding on port 5001 — restarting…
2026-05-13 05:04:31,732 [WARNING] No .gguf model found — skipping KoboldCPP auto-start
2026-05-13 05:04:31,733 [INFO] Status — API: ok  Kobold: failed  Restarts: api=0 kobold=0
2026-05-13 05:05:01,740 [WARNING] kobold not responding on port 5001 — restarting…
2026-05-13 05:05:01,741 [WARNING] No .gguf model found — skipping KoboldCPP auto-start
2026-05-13 05:05:01,742 [INFO] Status — API: ok  Kobold: failed  Restarts: api=0 kobold=0
2026-05-13 05:05:31,749 [WARNING] kobold not responding on port 5001 — restarting…
2026-05-13 05:05:31,750 [WARNING] No .gguf model found — skipping KoboldCPP auto-start
2026-05-13 05:05:31,751 [INFO] Status — API: ok  Kobold: failed  Restarts: api=0 kobold=0
2026-05-13 05:06:01,758 [WARNING] kobold not responding on port 5001 — restarting…
2026-05-13 05:06:01,760 [WARNING] No .gguf model found — skipping KoboldCPP auto-start
2026-05-13 05:06:01,761 [INFO] Status — API: ok  Kobold: failed  Restarts: api=0 kobold=0
2026-05-13 05:06:31,768 [WARNING] kobold not responding on port 5001 — restarting…
2026-05-13 05:06:31,769 [WARNING] No .gguf model found — skipping KoboldCPP auto-start
2026-05-13 05:06:31,770 [INFO] Status — API: ok  Kobold: failed  Restarts: api=0 kobold=0
2026-05-13 05:07:01,777 [WARNING] kobold not responding on port 5001 — restarting…
2026-05-13 05:07:01,778 [WARNING] No .gguf model found — skipping KoboldCPP auto-start
2026-05-13 05:07:01,780 [INFO] Status — API: ok  Kobold: failed  Restarts: api=0 kobold=0
2026-05-13 05:07:31,786 [WARNING] kobold not responding on port 5001 — restarting…
2026-05-13 05:07:31,787 [WARNING] No .gguf model found — skipping KoboldCPP auto-start
2026-05-13 05:07:31,788 [INFO] Status — API: ok  Kobold: failed  Restarts: api=0 kobold=0
2026-05-13 05:08:01,795 [WARNING] kobold not responding on port 5001 — restarting…
2026-05-13 05:08:01,797 [WARNING] No .gguf model found — skipping KoboldCPP auto-start
2026-05-13 05:08:01,798 [INFO] Status — API: ok  Kobold: failed  Restarts: api=0 kobold=0
2026-05-13 05:08:31,804 [WARNING] kobold not responding on port 5001 — restarting…
2026-05-13 05:08:31,806 [WARNING] No .gguf model found — skipping KoboldCPP auto-start
2026-05-13 05:08:31,807 [INFO] Status — API: ok  Kobold: failed  Restarts: api=0 kobold=0
2026-05-13 05:09:01,814 [WARNING] kobold not responding on port 5001 — restarting…
2026-05-13 05:09:01,815 [WARNING] No .gguf model found — skipping KoboldCPP auto-start
2026-05-13 05:09:01,816 [INFO] Status — API: ok  Kobold: failed  Restarts: api=0 kobold=0
2026-05-13 05:09:31,823 [WARNING] kobold not responding on port 5001 — restarting…
2026-05-13 05:09:31,824 [WARNING] No .gguf model found — skipping KoboldCPP auto-start
2026-05-13 05:09:31,826 [INFO] Status — API: ok  Kobold: failed  Restarts: api=0 kobold=0
2026-05-13 05:10:01,832 [WARNING] kobold not responding on port 5001 — restarting…
2026-05-13 05:10:01,834 [WARNING] No .gguf model found — skipping KoboldCPP auto-start
2026-05-13 05:10:01,835 [INFO] Status — API: ok  Kobold: failed  Restarts: api=0 kobold=0
2026-05-13 05:10:31,842 [WARNING] kobold not responding on port 5001 — restarting…
2026-05-13 05:10:31,843 [WARNING] No .gguf model found — skipping KoboldCPP auto-start
2026-05-13 05:10:31,844 [INFO] Status — API: ok  Kobold: failed  Restarts: api=0 kobold=0
2026-05-13 05:11:01,851 [WARNING] kobold not responding on port 5001 — restarting…
2026-05-13 05:11:01,852 [WARNING] No .gguf model found — skipping KoboldCPP auto-start
2026-05-13 05:11:01,853 [INFO] Status — API: ok  Kobold: failed  Restarts: api=0 kobold=0
2026-05-13 05:11:31,860 [WARNING] kobold not responding on port 5001 — restarting…
2026-05-13 05:11:31,862 [WARNING] No .gguf model found — skipping KoboldCPP auto-start
2026-05-13 05:11:31,863 [INFO] Status — API: ok  Kobold: failed  Restarts: api=0 kobold=0
2026-05-13 05:12:01,870 [WARNING] kobold not responding on port 5001 — restarting…
2026-05-13 05:12:01,871 [WARNING] No .gguf model found — skipping KoboldCPP auto-start
2026-05-13 05:12:01,872 [INFO] Status — API: ok  Kobold: failed  Restarts: api=0 kobold=0
2026-05-13 05:12:31,879 [WARNING] kobold not responding on port 5001 — restarting…
2026-05-13 05:12:31,880 [WARNING] No .gguf model found — skipping KoboldCPP auto-start
2026-05-13 05:12:31,881 [INFO] Status — API: ok  Kobold: failed  Restarts: api=0 kobold=0
2026-05-13 05:13:01,888 [WARNING] kobold not responding on port 5001 — restarting…
2026-05-13 05:13:01,890 [WARNING] No .gguf model found — skipping KoboldCPP auto-start
2026-05-13 05:13:01,891 [INFO] Status — API: ok  Kobold: failed  Restarts: api=0 kobold=0
2026-05-13 05:13:31,898 [WARNING] kobold not responding on port 5001 — restarting…
2026-05-13 05:13:31,899 [WARNING] No .gguf model found — skipping KoboldCPP auto-start
2026-05-13 05:13:31,900 [INFO] Status — API: ok  Kobold: failed  Restarts: api=0 kobold=0
2026-05-13 05:14:01,907 [WARNING] kobold not responding on port 5001 — restarting…
2026-05-13 05:14:01,908 [WARNING] No .gguf model found — skipping KoboldCPP auto-start
2026-05-13 05:14:01,909 [INFO] Status — API: ok  Kobold: failed  Restarts: api=0 kobold=0
2026-05-13 05:14:31,916 [WARNING] kobold not responding on port 5001 — restarting…
2026-05-13 05:14:31,917 [WARNING] No .gguf model found — skipping KoboldCPP auto-start
2026-05-13 05:14:31,918 [INFO] Status — API: ok  Kobold: failed  Restarts: api=0 kobold=0
2026-05-13 05:15:01,925 [WARNING] kobold not responding on port 5001 — restarting…
2026-05-13 05:15:01,926 [WARNING] No .gguf model found — skipping KoboldCPP auto-start
2026-05-13 05:15:01,927 [INFO] Status — API: ok  Kobold: failed  Restarts: api=0 kobold=0
2026-05-13 05:15:31,934 [WARNING] kobold not responding on port 5001 — restarting…
2026-05-13 05:15:31,936 [WARNING] No .gguf model found — skipping KoboldCPP auto-start
2026-05-13 05:15:31,937 [INFO] Status — API: ok  Kobold: failed  Restarts: api=0 kobold=0
2026-05-13 05:16:01,944 [WARNING] kobold not responding on port 5001 — restarting…
2026-05-13 05:16:01,945 [WARNING] No .gguf model found — skipping KoboldCPP auto-start
2026-05-13 05:16:01,946 [INFO] Status — API: ok  Kobold: failed  Restarts: api=0 kobold=0
2026-05-13 05:16:31,953 [WARNING] kobold not responding on port 5001 — restarting…
2026-05-13 05:16:31,954 [WARNING] No .gguf model found — skipping KoboldCPP auto-start
2026-05-13 05:16:31,955 [INFO] Status — API: ok  Kobold: failed  Restarts: api=0 kobold=0
2026-05-13 05:17:01,961 [WARNING] kobold not responding on port 5001 — restarting…
2026-05-13 05:17:01,962 [WARNING] No .gguf model found — skipping KoboldCPP auto-start
2026-05-13 05:17:01,963 [INFO] Status — API: ok  Kobold: failed  Restarts: api=0 kobold=0
2026-05-13 05:17:31,971 [WARNING] kobold not responding on port 5001 — restarting…
2026-05-13 05:17:31,972 [WARNING] No .gguf model found — skipping KoboldCPP auto-start
2026-05-13 05:17:31,973 [INFO] Status — API: ok  Kobold: failed  Restarts: api=0 kobold=0
2026-05-13 05:18:01,980 [WARNING] kobold not responding on port 5001 — restarting…
2026-05-13 05:18:01,982 [WARNING] No .gguf model found — skipping KoboldCPP auto-start
2026-05-13 05:18:01,982 [INFO] Status — API: ok  Kobold: failed  Restarts: api=0 kobold=0
2026-05-13 05:18:31,989 [WARNING] kobold not responding on port 5001 — restarting…
2026-05-13 05:18:31,991 [WARNING] No .gguf model found — skipping KoboldCPP auto-start
2026-05-13 05:18:31,992 [INFO] Status — API: ok  Kobold: failed  Restarts: api=0 kobold=0
2026-05-13 05:19:01,998 [WARNING] kobold not responding on port 5001 — restarting…
2026-05-13 05:19:02,000 [WARNING] No .gguf model found — skipping KoboldCPP auto-start
2026-05-13 05:19:02,001 [INFO] Status — API: ok  Kobold: failed  Restarts: api=0 kobold=0
2026-05-13 05:19:32,008 [WARNING] kobold not responding on port 5001 — restarting…
2026-05-13 05:19:32,009 [WARNING] No .gguf model found — skipping KoboldCPP auto-start
2026-05-13 05:19:32,011 [INFO] Status — API: ok  Kobold: failed  Restarts: api=0 kobold=0
2026-05-13 05:20:02,017 [WARNING] kobold not responding on port 5001 — restarting…
2026-05-13 05:20:02,018 [WARNING] No .gguf model found — skipping KoboldCPP auto-start
2026-05-13 05:20:02,019 [INFO] Status — API: ok  Kobold: failed  Restarts: api=0 kobold=0
2026-05-13 05:20:32,027 [WARNING] kobold not responding on port 5001 — restarting…
2026-05-13 05:20:32,028 [WARNING] No .gguf model found — skipping KoboldCPP auto-start
2026-05-13 05:20:32,029 [INFO] Status — API: ok  Kobold: failed  Restarts: api=0 kobold=0
2026-05-13 05:21:02,036 [WARNING] kobold not responding on port 5001 — restarting…
2026-05-13 05:21:02,037 [WARNING] No .gguf model found — skipping KoboldCPP auto-start
2026-05-13 05:21:02,038 [INFO] Status — API: ok  Kobold: failed  Restarts: api=0 kobold=0
2026-05-13 05:21:32,045 [WARNING] kobold not responding on port 5001 — restarting…
2026-05-13 05:21:32,047 [WARNING] No .gguf model found — skipping KoboldCPP auto-start
2026-05-13 05:21:32,048 [INFO] Status — API: ok  Kobold: failed  Restarts: api=0 kobold=0
2026-05-13 05:22:02,055 [WARNING] kobold not responding on port 5001 — restarting…
2026-05-13 05:22:02,056 [WARNING] No .gguf model found — skipping KoboldCPP auto-start
2026-05-13 05:22:02,057 [INFO] Status — API: ok  Kobold: failed  Restarts: api=0 kobold=0
2026-05-13 05:22:32,064 [WARNING] kobold not responding on port 5001 — restarting…
2026-05-13 05:22:32,065 [WARNING] No .gguf model found — skipping KoboldCPP auto-start
2026-05-13 05:22:32,066 [INFO] Status — API: ok  Kobold: failed  Restarts: api=0 kobold=0
2026-05-13 05:23:02,074 [WARNING] kobold not responding on port 5001 — restarting…
2026-05-13 05:23:02,075 [WARNING] No .gguf model found — skipping KoboldCPP auto-start
2026-05-13 05:23:02,076 [INFO] Status — API: ok  Kobold: failed  Restarts: api=0 kobold=0
2026-05-13 05:23:32,084 [WARNING] kobold not responding on port 5001 — restarting…
2026-05-13 05:23:32,085 [WARNING] No .gguf model found — skipping KoboldCPP auto-start
2026-05-13 05:23:32,086 [INFO] Status — API: ok  Kobold: failed  Restarts: api=0 kobold=0
2026-05-13 05:24:02,093 [WARNING] kobold not responding on port 5001 — restarting…
2026-05-13 05:24:02,094 [WARNING] No .gguf model found — skipping KoboldCPP auto-start
2026-05-13 05:24:02,095 [INFO] Status — API: ok  Kobold: failed  Restarts: api=0 kobold=0
2026-05-13 05:24:32,102 [WARNING] kobold not responding on port 5001 — restarting…
2026-05-13 05:24:32,104 [WARNING] No .gguf model found — skipping KoboldCPP auto-start
2026-05-13 05:24:32,105 [INFO] Status — API: ok  Kobold: failed  Restarts: api=0 kobold=0
2026-05-13 05:25:02,112 [WARNING] kobold not responding on port 5001 — restarting…
2026-05-13 05:25:02,113 [WARNING] No .gguf model found — skipping KoboldCPP auto-start
2026-05-13 05:25:02,115 [INFO] Status — API: ok  Kobold: failed  Restarts: api=0 kobold=0
2026-05-13 05:25:32,122 [WARNING] kobold not responding on port 5001 — restarting…
2026-05-13 05:25:32,123 [WARNING] No .gguf model found — skipping KoboldCPP auto-start
2026-05-13 05:25:32,124 [INFO] Status — API: ok  Kobold: failed  Restarts: api=0 kobold=0
2026-05-13 05:26:02,131 [WARNING] kobold not responding on port 5001 — restarting…
2026-05-13 05:26:02,132 [WARNING] No .gguf model found — skipping KoboldCPP auto-start
2026-05-13 05:26:02,133 [INFO] Status — API: ok  Kobold: failed  Restarts: api=0 kobold=0
2026-05-13 05:26:32,140 [WARNING] kobold not responding on port 5001 — restarting…
2026-05-13 05:26:32,142 [WARNING] No .gguf model found — skipping KoboldCPP auto-start
2026-05-13 05:26:32,143 [INFO] Status — API: ok  Kobold: failed  Restarts: api=0 kobold=0
2026-05-13 05:27:02,150 [WARNING] kobold not responding on port 5001 — restarting…
2026-05-13 05:27:02,151 [WARNING] No .gguf model found — skipping KoboldCPP auto-start
2026-05-13 05:27:02,152 [INFO] Status — API: ok  Kobold: failed  Restarts: api=0 kobold=0
2026-05-13 05:27:32,159 [WARNING] kobold not responding on port 5001 — restarting…
2026-05-13 05:27:32,161 [WARNING] No .gguf model found — skipping KoboldCPP auto-start
2026-05-13 05:27:32,162 [INFO] Status — API: ok  Kobold: failed  Restarts: api=0 kobold=0
2026-05-13 05:28:02,169 [WARNING] kobold not responding on port 5001 — restarting…
2026-05-13 05:28:02,170 [WARNING] No .gguf model found — skipping KoboldCPP auto-start
2026-05-13 05:28:02,171 [INFO] Status — API: ok  Kobold: failed  Restarts: api=0 kobold=0
2026-05-13 05:28:32,178 [WARNING] kobold not responding on port 5001 — restarting…
2026-05-13 05:28:32,179 [WARNING] No .gguf model found — skipping KoboldCPP auto-start
2026-05-13 05:28:32,181 [INFO] Status — API: ok  Kobold: failed  Restarts: api=0 kobold=0
2026-05-13 05:29:02,188 [WARNING] kobold not responding on port 5001 — restarting…
2026-05-13 05:29:02,189 [WARNING] No .gguf model found — skipping KoboldCPP auto-start
2026-05-13 05:29:02,191 [INFO] Status — API: ok  Kobold: failed  Restarts: api=0 kobold=0
2026-05-13 05:29:32,198 [WARNING] kobold not responding on port 5001 — restarting…
2026-05-13 05:29:32,199 [WARNING] No .gguf model found — skipping KoboldCPP auto-start
2026-05-13 05:29:32,200 [INFO] Status — API: ok  Kobold: failed  Restarts: api=0 kobold=0
2026-05-13 05:30:02,207 [WARNING] kobold not responding on port 5001 — restarting…
2026-05-13 05:30:02,209 [WARNING] No .gguf model found — skipping KoboldCPP auto-start
2026-05-13 05:30:02,210 [INFO] Status — API: ok  Kobold: failed  Restarts: api=0 kobold=0
2026-05-13 05:30:32,217 [WARNING] kobold not responding on port 5001 — restarting…
2026-05-13 05:30:32,218 [WARNING] No .gguf model found — skipping KoboldCPP auto-start
2026-05-13 05:30:32,219 [INFO] Status — API: ok  Kobold: failed  Restarts: api=0 kobold=0
2026-05-13 05:31:02,227 [WARNING] kobold not responding on port 5001 — restarting…
2026-05-13 05:31:02,228 [WARNING] No .gguf model found — skipping KoboldCPP auto-start
2026-05-13 05:31:02,229 [INFO] Status — API: ok  Kobold: failed  Restarts: api=0 kobold=0
2026-05-13 05:31:32,236 [WARNING] kobold not responding on port 5001 — restarting…
2026-05-13 05:31:32,238 [WARNING] No .gguf model found — skipping KoboldCPP auto-start
2026-05-13 05:31:32,239 [INFO] Status — API: ok  Kobold: failed  Restarts: api=0 kobold=0
2026-05-13 05:32:02,246 [WARNING] kobold not responding on port 5001 — restarting…
2026-05-13 05:32:02,247 [WARNING] No .gguf model found — skipping KoboldCPP auto-start
2026-05-13 05:32:02,248 [INFO] Status — API: ok  Kobold: failed  Restarts: api=0 kobold=0
2026-05-13 05:32:32,255 [WARNING] kobold not responding on port 5001 — restarting…
2026-05-13 05:32:32,257 [WARNING] No .gguf model found — skipping KoboldCPP auto-start
2026-05-13 05:32:32,258 [INFO] Status — API: ok  Kobold: failed  Restarts: api=0 kobold=0
2026-05-13 05:33:02,265 [WARNING] kobold not responding on port 5001 — restarting…
2026-05-13 05:33:02,266 [WARNING] No .gguf model found — skipping KoboldCPP auto-start
2026-05-13 05:33:02,267 [INFO] Status — API: ok  Kobold: failed  Restarts: api=0 kobold=0
2026-05-13 05:33:32,274 [WARNING] kobold not responding on port 5001 — restarting…
2026-05-13 05:33:32,276 [WARNING] No .gguf model found — skipping KoboldCPP auto-start
2026-05-13 05:33:32,277 [INFO] Status — API: ok  Kobold: failed  Restarts: api=0 kobold=0
2026-05-13 05:34:02,284 [WARNING] kobold not responding on port 5001 — restarting…
2026-05-13 05:34:02,285 [WARNING] No .gguf model found — skipping KoboldCPP auto-start
2026-05-13 05:34:02,286 [INFO] Status — API: ok  Kobold: failed  Restarts: api=0 kobold=0
2026-05-13 05:34:32,293 [WARNING] kobold not responding on port 5001 — restarting…
2026-05-13 05:34:32,295 [WARNING] No .gguf model found — skipping KoboldCPP auto-start
2026-05-13 05:34:32,296 [INFO] Status — API: ok  Kobold: failed  Restarts: api=0 kobold=0
2026-05-13 05:35:02,303 [WARNING] kobold not responding on port 5001 — restarting…
2026-05-13 05:35:02,305 [WARNING] No .gguf model found — skipping KoboldCPP auto-start
2026-05-13 05:35:02,306 [INFO] Status — API: ok  Kobold: failed  Restarts: api=0 kobold=0
2026-05-13 07:36:04,551 [WARNING] kobold not responding on port 5001 — restarting…
2026-05-13 07:36:04,553 [WARNING] No .gguf model found — skipping KoboldCPP auto-start
2026-05-13 07:36:04,554 [INFO] Status — API: ok  Kobold: failed  Restarts: api=0 kobold=0
2026-05-13 07:36:34,561 [WARNING] kobold not responding on port 5001 — restarting…
2026-05-13 07:36:34,562 [WARNING] No .gguf model found — skipping KoboldCPP auto-start
2026-05-13 07:36:34,563 [INFO] Status — API: ok  Kobold: failed  Restarts: api=0 kobold=0
2026-05-13 07:37:04,570 [WARNING] kobold not responding on port 5001 — restarting…
2026-05-13 07:37:04,571 [WARNING] No .gguf model found — skipping KoboldCPP auto-start
2026-05-13 07:37:04,572 [INFO] Status — API: ok  Kobold: failed  Restarts: api=0 kobold=0
2026-05-13 07:37:34,579 [WARNING] kobold not responding on port 5001 — restarting…
2026-05-13 07:37:34,581 [WARNING] No .gguf model found — skipping KoboldCPP auto-start
2026-05-13 07:37:34,582 [INFO] Status — API: ok  Kobold: failed  Restarts: api=0 kobold=0
2026-05-13 07:38:04,588 [WARNING] kobold not responding on port 5001 — restarting…
2026-05-13 07:38:04,590 [WARNING] No .gguf model found — skipping KoboldCPP auto-start
2026-05-13 07:38:04,591 [INFO] Status — API: ok  Kobold: failed  Restarts: api=0 kobold=0
2026-05-13 07:38:34,598 [WARNING] kobold not responding on port 5001 — restarting…
2026-05-13 07:38:34,599 [WARNING] No .gguf model found — skipping KoboldCPP auto-start
2026-05-13 07:38:34,600 [INFO] Status — API: ok  Kobold: failed  Restarts: api=0 kobold=0
2026-05-13 07:39:04,607 [WARNING] kobold not responding on port 5001 — restarting…
2026-05-13 07:39:04,608 [WARNING] No .gguf model found — skipping KoboldCPP auto-start
2026-05-13 07:39:04,609 [INFO] Status — API: ok  Kobold: failed  Restarts: api=0 kobold=0
2026-05-13 07:39:34,616 [WARNING] kobold not responding on port 5001 — restarting…
2026-05-13 07:39:34,618 [WARNING] No .gguf model found — skipping KoboldCPP auto-start
2026-05-13 07:39:34,619 [INFO] Status — API: ok  Kobold: failed  Restarts: api=0 kobold=0
2026-05-13 07:40:04,626 [WARNING] kobold not responding on port 5001 — restarting…
2026-05-13 07:40:04,627 [WARNING] No .gguf model found — skipping KoboldCPP auto-start
2026-05-13 07:40:04,628 [INFO] Status — API: ok  Kobold: failed  Restarts: api=0 kobold=0
2026-05-13 07:40:34,635 [WARNING] kobold not responding on port 5001 — restarting…
2026-05-13 07:40:34,636 [WARNING] No .gguf model found — skipping KoboldCPP auto-start
2026-05-13 07:40:34,637 [INFO] Status — API: ok  Kobold: failed  Restarts: api=0 kobold=0
2026-05-13 07:41:04,644 [WARNING] kobold not responding on port 5001 — restarting…
2026-05-13 07:41:04,646 [WARNING] No .gguf model found — skipping KoboldCPP auto-start
2026-05-13 07:41:04,647 [INFO] Status — API: ok  Kobold: failed  Restarts: api=0 kobold=0
2026-05-13 07:41:34,654 [WARNING] kobold not responding on port 5001 — restarting…
2026-05-13 07:41:34,655 [WARNING] No .gguf model found — skipping KoboldCPP auto-start
2026-05-13 07:41:34,656 [INFO] Status — API: ok  Kobold: failed  Restarts: api=0 kobold=0
2026-05-13 07:42:04,664 [WARNING] kobold not responding on port 5001 — restarting…
2026-05-13 07:42:04,665 [WARNING] No .gguf model found — skipping KoboldCPP auto-start
2026-05-13 07:42:04,666 [INFO] Status — API: ok  Kobold: failed  Restarts: api=0 kobold=0
2026-05-13 07:42:34,673 [WARNING] kobold not responding on port 5001 — restarting…
2026-05-13 07:42:34,674 [WARNING] No .gguf model found — skipping KoboldCPP auto-start
2026-05-13 07:42:34,675 [INFO] Status — API: ok  Kobold: failed  Restarts: api=0 kobold=0
2026-05-13 07:43:04,682 [WARNING] kobold not responding on port 5001 — restarting…
2026-05-13 07:43:04,683 [WARNING] No .gguf model found — skipping KoboldCPP auto-start
2026-05-13 07:43:04,684 [INFO] Status — API: ok  Kobold: failed  Restarts: api=0 kobold=0
2026-05-13 07:43:34,691 [WARNING] kobold not responding on port 5001 — restarting…
2026-05-13 07:43:34,693 [WARNING] No .gguf model found — skipping KoboldCPP auto-start
2026-05-13 07:43:34,694 [INFO] Status — API: ok  Kobold: failed  Restarts: api=0 kobold=0
2026-05-13 07:44:04,701 [WARNING] kobold not responding on port 5001 — restarting…
2026-05-13 07:44:04,702 [WARNING] No .gguf model found — skipping KoboldCPP auto-start
2026-05-13 07:44:04,703 [INFO] Status — API: ok  Kobold: failed  Restarts: api=0 kobold=0
2026-05-13 07:44:34,710 [WARNING] kobold not responding on port 5001 — restarting…
2026-05-13 07:44:34,711 [WARNING] No .gguf model found — skipping KoboldCPP auto-start
2026-05-13 07:44:34,712 [INFO] Status — API: ok  Kobold: failed  Restarts: api=0 kobold=0
2026-05-13 07:45:04,719 [WARNING] kobold not responding on port 5001 — restarting…
2026-05-13 07:45:04,720 [WARNING] No .gguf model found — skipping KoboldCPP auto-start
2026-05-13 07:45:04,722 [INFO] Status — API: ok  Kobold: failed  Restarts: api=0 kobold=0
2026-05-13 07:45:34,728 [WARNING] kobold not responding on port 5001 — restarting…
2026-05-13 07:45:34,730 [WARNING] No .gguf model found — skipping KoboldCPP auto-start
2026-05-13 07:45:34,731 [INFO] Status — API: ok  Kobold: failed  Restarts: api=0 kobold=0
2026-05-13 07:46:04,738 [WARNING] kobold not responding on port 5001 — restarting…
2026-05-13 07:46:04,739 [WARNING] No .gguf model found — skipping KoboldCPP auto-start
2026-05-13 07:46:04,740 [INFO] Status — API: ok  Kobold: failed  Restarts: api=0 kobold=0
2026-05-13 07:46:34,747 [WARNING] kobold not responding on port 5001 — restarting…
2026-05-13 07:46:34,748 [WARNING] No .gguf model found — skipping KoboldCPP auto-start
2026-05-13 07:46:34,749 [INFO] Status — API: ok  Kobold: failed  Restarts: api=0 kobold=0
2026-05-13 07:47:04,757 [WARNING] kobold not responding on port 5001 — restarting…
2026-05-13 07:47:04,758 [WARNING] No .gguf model found — skipping KoboldCPP auto-start
2026-05-13 07:47:04,759 [INFO] Status — API: ok  Kobold: failed  Restarts: api=0 kobold=0
2026-05-13 07:47:34,766 [WARNING] kobold not responding on port 5001 — restarting…
2026-05-13 07:47:34,767 [WARNING] No .gguf model found — skipping KoboldCPP auto-start
2026-05-13 07:47:34,768 [INFO] Status — API: ok  Kobold: failed  Restarts: api=0 kobold=0
2026-05-13 07:48:04,775 [WARNING] kobold not responding on port 5001 — restarting…
2026-05-13 07:48:04,776 [WARNING] No .gguf model found — skipping KoboldCPP auto-start
2026-05-13 07:48:04,778 [INFO] Status — API: ok  Kobold: failed  Restarts: api=0 kobold=0
2026-05-13 07:48:34,785 [WARNING] kobold not responding on port 5001 — restarting…
2026-05-13 07:48:34,786 [WARNING] No .gguf model found — skipping KoboldCPP auto-start
2026-05-13 07:48:34,787 [INFO] Status — API: ok  Kobold: failed  Restarts: api=0 kobold=0
2026-05-13 07:49:04,794 [WARNING] kobold not responding on port 5001 — restarting…
2026-05-13 07:49:04,795 [WARNING] No .gguf model found — skipping KoboldCPP auto-start
2026-05-13 07:49:04,796 [INFO] Status — API: ok  Kobold: failed  Restarts: api=0 kobold=0
2026-05-13 07:49:34,803 [WARNING] kobold not responding on port 5001 — restarting…
2026-05-13 07:49:34,804 [WARNING] No .gguf model found — skipping KoboldCPP auto-start
2026-05-13 07:49:34,805 [INFO] Status — API: ok  Kobold: failed  Restarts: api=0 kobold=0
2026-05-13 07:50:04,812 [WARNING] kobold not responding on port 5001 — restarting…
2026-05-13 07:50:04,814 [WARNING] No .gguf model found — skipping KoboldCPP auto-start
2026-05-13 07:50:04,815 [INFO] Status — API: ok  Kobold: failed  Restarts: api=0 kobold=0
2026-05-13 07:50:34,822 [WARNING] kobold not responding on port 5001 — restarting…
2026-05-13 07:50:34,823 [WARNING] No .gguf model found — skipping KoboldCPP auto-start
2026-05-13 07:50:34,824 [INFO] Status — API: ok  Kobold: failed  Restarts: api=0 kobold=0
2026-05-13 07:51:04,831 [WARNING] kobold not responding on port 5001 — restarting…
2026-05-13 07:51:04,832 [WARNING] No .gguf model found — skipping KoboldCPP auto-start
2026-05-13 07:51:04,833 [INFO] Status — API: ok  Kobold: failed  Restarts: api=0 kobold=0
2026-05-13 07:51:34,840 [WARNING] kobold not responding on port 5001 — restarting…
2026-05-13 07:51:34,841 [WARNING] No .gguf model found — skipping KoboldCPP auto-start
2026-05-13 07:51:34,842 [INFO] Status — API: ok  Kobold: failed  Restarts: api=0 kobold=0
2026-05-13 07:52:04,849 [WARNING] kobold not responding on port 5001 — restarting…
2026-05-13 07:52:04,851 [WARNING] No .gguf model found — skipping KoboldCPP auto-start
2026-05-13 07:52:04,852 [INFO] Status — API: ok  Kobold: failed  Restarts: api=0 kobold=0
2026-05-13 07:52:34,859 [WARNING] kobold not responding on port 5001 — restarting…
2026-05-13 07:52:34,860 [WARNING] No .gguf model found — skipping KoboldCPP auto-start
2026-05-13 07:52:34,861 [INFO] Status — API: ok  Kobold: failed  Restarts: api=0 kobold=0
2026-05-13 07:53:04,868 [WARNING] kobold not responding on port 5001 — restarting…
2026-05-13 07:53:04,870 [WARNING] No .gguf model found — skipping KoboldCPP auto-start
2026-05-13 07:53:04,871 [INFO] Status — API: ok  Kobold: failed  Restarts: api=0 kobold=0
2026-05-13 07:53:34,878 [WARNING] kobold not responding on port 5001 — restarting…
2026-05-13 07:53:34,879 [WARNING] No .gguf model found — skipping KoboldCPP auto-start
2026-05-13 07:53:34,880 [INFO] Status — API: ok  Kobold: failed  Restarts: api=0 kobold=0
2026-05-13 07:54:04,887 [WARNING] kobold not responding on port 5001 — restarting…
2026-05-13 07:54:04,888 [WARNING] No .gguf model found — skipping KoboldCPP auto-start
2026-05-13 07:54:04,889 [INFO] Status — API: ok  Kobold: failed  Restarts: api=0 kobold=0
2026-05-13 07:54:34,896 [WARNING] kobold not responding on port 5001 — restarting…
2026-05-13 07:54:34,897 [WARNING] No .gguf model found — skipping KoboldCPP auto-start
2026-05-13 07:54:34,899 [INFO] Status — API: ok  Kobold: failed  Restarts: api=0 kobold=0
2026-05-13 07:55:04,905 [WARNING] kobold not responding on port 5001 — restarting…
2026-05-13 07:55:04,907 [WARNING] No .gguf model found — skipping KoboldCPP auto-start
2026-05-13 07:55:04,908 [INFO] Status — API: ok  Kobold: failed  Restarts: api=0 kobold=0
2026-05-13 07:55:34,915 [WARNING] kobold not responding on port 5001 — restarting…
2026-05-13 07:55:34,916 [WARNING] No .gguf model found — skipping KoboldCPP auto-start
2026-05-13 07:55:34,917 [INFO] Status — API: ok  Kobold: failed  Restarts: api=0 kobold=0
2026-05-13 07:56:04,924 [WARNING] kobold not responding on port 5001 — restarting…
2026-05-13 07:56:04,925 [WARNING] No .gguf model found — skipping KoboldCPP auto-start
2026-05-13 07:56:04,926 [INFO] Status — API: ok  Kobold: failed  Restarts: api=0 kobold=0
2026-05-13 07:56:34,933 [WARNING] kobold not responding on port 5001 — restarting…
2026-05-13 07:56:34,935 [WARNING] No .gguf model found — skipping KoboldCPP auto-start
2026-05-13 07:56:34,936 [INFO] Status — API: ok  Kobold: failed  Restarts: api=0 kobold=0
2026-05-13 07:57:04,943 [WARNING] kobold not responding on port 5001 — restarting…
2026-05-13 07:57:04,944 [WARNING] No .gguf model found — skipping KoboldCPP auto-start
2026-05-13 07:57:04,945 [INFO] Status — API: ok  Kobold: failed  Restarts: api=0 kobold=0
2026-05-13 07:57:34,952 [WARNING] kobold not responding on port 5001 — restarting…
2026-05-13 07:57:34,953 [WARNING] No .gguf model found — skipping KoboldCPP auto-start
2026-05-13 07:57:34,954 [INFO] Status — API: ok  Kobold: failed  Restarts: api=0 kobold=0
2026-05-13 07:58:04,961 [WARNING] kobold not responding on port 5001 — restarting…
2026-05-13 07:58:04,962 [WARNING] No .gguf model found — skipping KoboldCPP auto-start
2026-05-13 07:58:04,964 [INFO] Status — API: ok  Kobold: failed  Restarts: api=0 kobold=0
2026-05-13 07:58:34,971 [WARNING] kobold not responding on port 5001 — restarting…
2026-05-13 07:58:34,972 [WARNING] No .gguf model found — skipping KoboldCPP auto-start
2026-05-13 07:58:34,973 [INFO] Status — API: ok  Kobold: failed  Restarts: api=0 kobold=0
2026-05-13 07:59:04,980 [WARNING] kobold not responding on port 5001 — restarting…
2026-05-13 07:59:04,981 [WARNING] No .gguf model found — skipping KoboldCPP auto-start
2026-05-13 07:59:04,982 [INFO] Status — API: ok  Kobold: failed  Restarts: api=0 kobold=0
2026-05-13 07:59:34,989 [WARNING] kobold not responding on port 5001 — restarting…
2026-05-13 07:59:34,991 [WARNING] No .gguf model found — skipping KoboldCPP auto-start
2026-05-13 07:59:34,992 [INFO] Status — API: ok  Kobold: failed  Restarts: api=0 kobold=0
2026-05-13 08:00:04,999 [WARNING] kobold not responding on port 5001 — restarting…
2026-05-13 08:00:05,000 [WARNING] No .gguf model found — skipping KoboldCPP auto-start
2026-05-13 08:00:05,001 [INFO] Status — API: ok  Kobold: failed  Restarts: api=0 kobold=0
2026-05-13 08:00:35,008 [WARNING] kobold not responding on port 5001 — restarting…
2026-05-13 08:00:35,009 [WARNING] No .gguf model found — skipping KoboldCPP auto-start
2026-05-13 08:00:35,010 [INFO] Status — API: ok  Kobold: failed  Restarts: api=0 kobold=0
2026-05-13 08:01:05,017 [WARNING] kobold not responding on port 5001 — restarting…
2026-05-13 08:01:05,019 [WARNING] No .gguf model found — skipping KoboldCPP auto-start
2026-05-13 08:01:05,020 [INFO] Status — API: ok  Kobold: failed  Restarts: api=0 kobold=0
2026-05-13 08:01:35,027 [WARNING] kobold not responding on port 5001 — restarting…
2026-05-13 08:01:35,028 [WARNING] No .gguf model found — skipping KoboldCPP auto-start
2026-05-13 08:01:35,029 [INFO] Status — API: ok  Kobold: failed  Restarts: api=0 kobold=0
2026-05-13 08:02:05,036 [WARNING] kobold not responding on port 5001 — restarting…
2026-05-13 08:02:05,037 [WARNING] No .gguf model found — skipping KoboldCPP auto-start
2026-05-13 08:02:05,038 [INFO] Status — API: ok  Kobold: failed  Restarts: api=0 kobold=0
2026-05-13 08:02:35,045 [WARNING] kobold not responding on port 5001 — restarting…
2026-05-13 08:02:35,047 [WARNING] No .gguf model found — skipping KoboldCPP auto-start
2026-05-13 08:02:35,048 [INFO] Status — API: ok  Kobold: failed  Restarts: api=0 kobold=0
2026-05-13 08:03:05,055 [WARNING] kobold not responding on port 5001 — restarting…
2026-05-13 08:03:05,056 [WARNING] No .gguf model found — skipping KoboldCPP auto-start
2026-05-13 08:03:05,057 [INFO] Status — API: ok  Kobold: failed  Restarts: api=0 kobold=0
2026-05-13 08:03:35,064 [WARNING] kobold not responding on port 5001 — restarting…
2026-05-13 08:03:35,065 [WARNING] No .gguf model found — skipping KoboldCPP auto-start
2026-05-13 08:03:35,067 [INFO] Status — API: ok  Kobold: failed  Restarts: api=0 kobold=0
2026-05-13 08:04:05,074 [WARNING] kobold not responding on port 5001 — restarting…
2026-05-13 08:04:05,075 [WARNING] No .gguf model found — skipping KoboldCPP auto-start
2026-05-13 08:04:05,076 [INFO] Status — API: ok  Kobold: failed  Restarts: api=0 kobold=0
2026-05-13 08:04:35,083 [WARNING] kobold not responding on port 5001 — restarting…
2026-05-13 08:04:35,085 [WARNING] No .gguf model found — skipping KoboldCPP auto-start
2026-05-13 08:04:35,086 [INFO] Status — API: ok  Kobold: failed  Restarts: api=0 kobold=0
2026-05-13 08:05:05,093 [WARNING] kobold not responding on port 5001 — restarting…
2026-05-13 08:05:05,094 [WARNING] No .gguf model found — skipping KoboldCPP auto-start
2026-05-13 08:05:05,095 [INFO] Status — API: ok  Kobold: failed  Restarts: api=0 kobold=0
2026-05-13 08:05:35,102 [WARNING] kobold not responding on port 5001 — restarting…
2026-05-13 08:05:35,103 [WARNING] No .gguf model found — skipping KoboldCPP auto-start
2026-05-13 08:05:35,104 [INFO] Status — API: ok  Kobold: failed  Restarts: api=0 kobold=0
2026-05-13 08:06:05,111 [WARNING] kobold not responding on port 5001 — restarting…
2026-05-13 08:06:05,113 [WARNING] No .gguf model found — skipping KoboldCPP auto-start
2026-05-13 08:06:05,114 [INFO] Status — API: ok  Kobold: failed  Restarts: api=0 kobold=0
2026-05-13 08:06:35,121 [WARNING] kobold not responding on port 5001 — restarting…
2026-05-13 08:06:35,122 [WARNING] No .gguf model found — skipping KoboldCPP auto-start
2026-05-13 08:06:35,123 [INFO] Status — API: ok  Kobold: failed  Restarts: api=0 kobold=0
2026-05-13 08:07:05,130 [WARNING] kobold not responding on port 5001 — restarting…
2026-05-13 08:07:05,131 [WARNING] No .gguf model found — skipping KoboldCPP auto-start
2026-05-13 08:07:05,132 [INFO] Status — API: ok  Kobold: failed  Restarts: api=0 kobold=0
2026-05-13 08:07:35,139 [WARNING] kobold not responding on port 5001 — restarting…
2026-05-13 08:07:35,141 [WARNING] No .gguf model found — skipping KoboldCPP auto-start
2026-05-13 08:07:35,142 [INFO] Status — API: ok  Kobold: failed  Restarts: api=0 kobold=0
2026-05-13 08:08:05,149 [WARNING] kobold not responding on port 5001 — restarting…
2026-05-13 08:08:05,150 [WARNING] No .gguf model found — skipping KoboldCPP auto-start
2026-05-13 08:08:05,151 [INFO] Status — API: ok  Kobold: failed  Restarts: api=0 kobold=0
2026-05-13 08:08:35,158 [WARNING] kobold not responding on port 5001 — restarting…
2026-05-13 08:08:35,159 [WARNING] No .gguf model found — skipping KoboldCPP auto-start
2026-05-13 08:08:35,161 [INFO] Status — API: ok  Kobold: failed  Restarts: api=0 kobold=0
2026-05-13 08:09:05,168 [WARNING] kobold not responding on port 5001 — restarting…
2026-05-13 08:09:05,169 [WARNING] No .gguf model found — skipping KoboldCPP auto-start
2026-05-13 08:09:05,170 [INFO] Status — API: ok  Kobold: failed  Restarts: api=0 kobold=0
2026-05-13 08:09:35,177 [WARNING] kobold not responding on port 5001 — restarting…
2026-05-13 08:09:35,178 [WARNING] No .gguf model found — skipping KoboldCPP auto-start
2026-05-13 08:09:35,179 [INFO] Status — API: ok  Kobold: failed  Restarts: api=0 kobold=0
2026-05-13 08:10:05,186 [WARNING] kobold not responding on port 5001 — restarting…
2026-05-13 08:10:05,187 [WARNING] No .gguf model found — skipping KoboldCPP auto-start
2026-05-13 08:10:05,188 [INFO] Status — API: ok  Kobold: failed  Restarts: api=0 kobold=0
2026-05-13 08:10:35,195 [WARNING] kobold not responding on port 5001 — restarting…
2026-05-13 08:10:35,197 [WARNING] No .gguf model found — skipping KoboldCPP auto-start
2026-05-13 08:10:35,198 [INFO] Status — API: ok  Kobold: failed  Restarts: api=0 kobold=0
2026-05-13 08:11:05,204 [WARNING] kobold not responding on port 5001 — restarting…
2026-05-13 08:11:05,206 [WARNING] No .gguf model found — skipping KoboldCPP auto-start
2026-05-13 08:11:05,207 [INFO] Status — API: ok  Kobold: failed  Restarts: api=0 kobold=0
2026-05-13 08:11:35,214 [WARNING] kobold not responding on port 5001 — restarting…
2026-05-13 08:11:35,215 [WARNING] No .gguf model found — skipping KoboldCPP auto-start
2026-05-13 08:11:35,216 [INFO] Status — API: ok  Kobold: failed  Restarts: api=0 kobold=0
2026-05-13 08:12:05,223 [WARNING] kobold not responding on port 5001 — restarting…
2026-05-13 08:12:05,224 [WARNING] No .gguf model found — skipping KoboldCPP auto-start
2026-05-13 08:12:05,225 [INFO] Status — API: ok  Kobold: failed  Restarts: api=0 kobold=0
2026-05-13 08:12:35,233 [WARNING] kobold not responding on port 5001 — restarting…
2026-05-13 08:12:35,234 [WARNING] No .gguf model found — skipping KoboldCPP auto-start
2026-05-13 08:12:35,235 [INFO] Status — API: ok  Kobold: failed  Restarts: api=0 kobold=0
2026-05-13 08:13:05,242 [WARNING] kobold not responding on port 5001 — restarting…
2026-05-13 08:13:05,243 [WARNING] No .gguf model found — skipping KoboldCPP auto-start
2026-05-13 08:13:05,244 [INFO] Status — API: ok  Kobold: failed  Restarts: api=0 kobold=0
2026-05-13 08:13:35,251 [WARNING] kobold not responding on port 5001 — restarting…
2026-05-13 08:13:35,252 [WARNING] No .gguf model found — skipping KoboldCPP auto-start
2026-05-13 08:13:35,254 [INFO] Status — API: ok  Kobold: failed  Restarts: api=0 kobold=0
2026-05-13 08:14:05,261 [WARNING] kobold not responding on port 5001 — restarting…
2026-05-13 08:14:05,262 [WARNING] No .gguf model found — skipping KoboldCPP auto-start
2026-05-13 08:14:05,263 [INFO] Status — API: ok  Kobold: failed  Restarts: api=0 kobold=0
2026-05-13 08:14:35,270 [WARNING] kobold not responding on port 5001 — restarting…
2026-05-13 08:14:35,271 [WARNING] No .gguf model found — skipping KoboldCPP auto-start
2026-05-13 08:14:35,272 [INFO] Status — API: ok  Kobold: failed  Restarts: api=0 kobold=0
2026-05-13 08:15:05,279 [WARNING] kobold not responding on port 5001 — restarting…
2026-05-13 08:15:05,280 [WARNING] No .gguf model found — skipping KoboldCPP auto-start
2026-05-13 08:15:05,281 [INFO] Status — API: ok  Kobold: failed  Restarts: api=0 kobold=0
2026-05-13 08:15:35,288 [WARNING] kobold not responding on port 5001 — restarting…
2026-05-13 08:15:35,289 [WARNING] No .gguf model found — skipping KoboldCPP auto-start
2026-05-13 08:15:35,291 [INFO] Status — API: ok  Kobold: failed  Restarts: api=0 kobold=0
2026-05-13 08:16:05,298 [WARNING] kobold not responding on port 5001 — restarting…
2026-05-13 08:16:05,299 [WARNING] No .gguf model found — skipping KoboldCPP auto-start
2026-05-13 08:16:05,300 [INFO] Status — API: ok  Kobold: failed  Restarts: api=0 kobold=0
2026-05-13 08:16:35,307 [WARNING] kobold not responding on port 5001 — restarting…
2026-05-13 08:16:35,309 [WARNING] No .gguf model found — skipping KoboldCPP auto-start
2026-05-13 08:16:35,310 [INFO] Status — API: ok  Kobold: failed  Restarts: api=0 kobold=0
2026-05-13 08:17:05,317 [WARNING] kobold not responding on port 5001 — restarting…
2026-05-13 08:17:05,318 [WARNING] No .gguf model found — skipping KoboldCPP auto-start
2026-05-13 08:17:05,319 [INFO] Status — API: ok  Kobold: failed  Restarts: api=0 kobold=0
2026-05-13 08:17:35,326 [WARNING] kobold not responding on port 5001 — restarting…
2026-05-13 08:17:35,327 [WARNING] No .gguf model found — skipping KoboldCPP auto-start
2026-05-13 08:17:35,328 [INFO] Status — API: ok  Kobold: failed  Restarts: api=0 kobold=0
2026-05-13 08:18:05,335 [WARNING] kobold not responding on port 5001 — restarting…
2026-05-13 08:18:05,336 [WARNING] No .gguf model found — skipping KoboldCPP auto-start
2026-05-13 08:18:05,338 [INFO] Status — API: ok  Kobold: failed  Restarts: api=0 kobold=0
2026-05-13 08:18:35,344 [WARNING] kobold not responding on port 5001 — restarting…
2026-05-13 08:18:35,346 [WARNING] No .gguf model found — skipping KoboldCPP auto-start
2026-05-13 08:18:35,347 [INFO] Status — API: ok  Kobold: failed  Restarts: api=0 kobold=0
2026-05-13 08:19:05,354 [WARNING] kobold not responding on port 5001 — restarting…
2026-05-13 08:19:05,355 [WARNING] No .gguf model found — skipping KoboldCPP auto-start
2026-05-13 08:19:05,356 [INFO] Status — API: ok  Kobold: failed  Restarts: api=0 kobold=0
2026-05-13 08:19:35,363 [WARNING] kobold not responding on port 5001 — restarting…
2026-05-13 08:19:35,364 [WARNING] No .gguf model found — skipping KoboldCPP auto-start
2026-05-13 08:19:35,365 [INFO] Status — API: ok  Kobold: failed  Restarts: api=0 kobold=0
2026-05-13 08:20:05,372 [WARNING] kobold not responding on port 5001 — restarting…
2026-05-13 08:20:05,374 [WARNING] No .gguf model found — skipping KoboldCPP auto-start
2026-05-13 08:20:05,375 [INFO] Status — API: ok  Kobold: failed  Restarts: api=0 kobold=0
2026-05-13 08:20:35,382 [WARNING] kobold not responding on port 5001 — restarting…
2026-05-13 08:20:35,383 [WARNING] No .gguf model found — skipping KoboldCPP auto-start
2026-05-13 08:20:35,384 [INFO] Status — API: ok  Kobold: failed  Restarts: api=0 kobold=0
2026-05-13 08:21:05,391 [WARNING] kobold not responding on port 5001 — restarting…
2026-05-13 08:21:05,392 [WARNING] No .gguf model found — skipping KoboldCPP auto-start
2026-05-13 08:21:05,393 [INFO] Status — API: ok  Kobold: failed  Restarts: api=0 kobold=0
2026-05-13 08:21:35,400 [WARNING] kobold not responding on port 5001 — restarting…
2026-05-13 08:21:35,402 [WARNING] No .gguf model found — skipping KoboldCPP auto-start
2026-05-13 08:21:35,403 [INFO] Status — API: ok  Kobold: failed  Restarts: api=0 kobold=0
2026-05-13 08:22:05,410 [WARNING] kobold not responding on port 5001 — restarting…
2026-05-13 08:22:05,411 [WARNING] No .gguf model found — skipping KoboldCPP auto-start
2026-05-13 08:22:05,412 [INFO] Status — API: ok  Kobold: failed  Restarts: api=0 kobold=0
2026-05-13 08:22:35,419 [WARNING] kobold not responding on port 5001 — restarting…
2026-05-13 08:22:35,420 [WARNING] No .gguf model found — skipping KoboldCPP auto-start
2026-05-13 08:22:35,421 [INFO] Status — API: ok  Kobold: failed  Restarts: api=0 kobold=0
2026-05-13 08:23:05,428 [WARNING] kobold not responding on port 5001 — restarting…
2026-05-13 08:23:05,429 [WARNING] No .gguf model found — skipping KoboldCPP auto-start
2026-05-13 08:23:05,430 [INFO] Status — API: ok  Kobold: failed  Restarts: api=0 kobold=0
2026-05-13 08:23:35,437 [WARNING] kobold not responding on port 5001 — restarting…
2026-05-13 08:23:35,439 [WARNING] No .gguf model found — skipping KoboldCPP auto-start
2026-05-13 08:23:35,440 [INFO] Status — API: ok  Kobold: failed  Restarts: api=0 kobold=0
2026-05-13 08:24:05,447 [WARNING] kobold not responding on port 5001 — restarting…
2026-05-13 08:24:05,448 [WARNING] No .gguf model found — skipping KoboldCPP auto-start
2026-05-13 08:24:05,449 [INFO] Status — API: ok  Kobold: failed  Restarts: api=0 kobold=0
2026-05-13 08:24:35,456 [WARNING] kobold not responding on port 5001 — restarting…
2026-05-13 08:24:35,457 [WARNING] No .gguf model found — skipping KoboldCPP auto-start
2026-05-13 08:24:35,458 [INFO] Status — API: ok  Kobold: failed  Restarts: api=0 kobold=0
2026-05-13 08:25:05,465 [WARNING] kobold not responding on port 5001 — restarting…
2026-05-13 08:25:05,466 [WARNING] No .gguf model found — skipping KoboldCPP auto-start
2026-05-13 08:25:05,467 [INFO] Status — API: ok  Kobold: failed  Restarts: api=0 kobold=0
2026-05-13 08:25:35,475 [WARNING] kobold not responding on port 5001 — restarting…
2026-05-13 08:25:35,476 [WARNING] No .gguf model found — skipping KoboldCPP auto-start
2026-05-13 08:25:35,477 [INFO] Status — API: ok  Kobold: failed  Restarts: api=0 kobold=0
2026-05-13 08:26:05,484 [WARNING] kobold not responding on port 5001 — restarting…
2026-05-13 08:26:05,485 [WARNING] No .gguf model found — skipping KoboldCPP auto-start
2026-05-13 08:26:05,486 [INFO] Status — API: ok  Kobold: failed  Restarts: api=0 kobold=0
2026-05-13 08:26:35,493 [WARNING] kobold not responding on port 5001 — restarting…
2026-05-13 08:26:35,495 [WARNING] No .gguf model found — skipping KoboldCPP auto-start
2026-05-13 08:26:35,496 [INFO] Status — API: ok  Kobold: failed  Restarts: api=0 kobold=0
2026-05-13 08:27:05,503 [WARNING] kobold not responding on port 5001 — restarting…
2026-05-13 08:27:05,504 [WARNING] No .gguf model found — skipping KoboldCPP auto-start
2026-05-13 08:27:05,505 [INFO] Status — API: ok  Kobold: failed  Restarts: api=0 kobold=0
2026-05-13 08:27:35,512 [WARNING] kobold not responding on port 5001 — restarting…
2026-05-13 08:27:35,514 [WARNING] No .gguf model found — skipping KoboldCPP auto-start
2026-05-13 08:27:35,515 [INFO] Status — API: ok  Kobold: failed  Restarts: api=0 kobold=0
2026-05-13 08:28:05,522 [WARNING] kobold not responding on port 5001 — restarting…
2026-05-13 08:28:05,523 [WARNING] No .gguf model found — skipping KoboldCPP auto-start
2026-05-13 08:28:05,524 [INFO] Status — API: ok  Kobold: failed  Restarts: api=0 kobold=0
2026-05-13 08:28:35,531 [WARNING] kobold not responding on port 5001 — restarting…
2026-05-13 08:28:35,532 [WARNING] No .gguf model found — skipping KoboldCPP auto-start
2026-05-13 08:28:35,533 [INFO] Status — API: ok  Kobold: failed  Restarts: api=0 kobold=0
2026-05-13 08:29:05,540 [WARNING] kobold not responding on port 5001 — restarting…
2026-05-13 08:29:05,541 [WARNING] No .gguf model found — skipping KoboldCPP auto-start
2026-05-13 08:29:05,542 [INFO] Status — API: ok  Kobold: failed  Restarts: api=0 kobold=0
2026-05-13 08:29:35,549 [WARNING] kobold not responding on port 5001 — restarting…
2026-05-13 08:29:35,551 [WARNING] No .gguf model found — skipping KoboldCPP auto-start
2026-05-13 08:29:35,552 [INFO] Status — API: ok  Kobold: failed  Restarts: api=0 kobold=0
2026-05-13 08:30:05,559 [WARNING] kobold not responding on port 5001 — restarting…
2026-05-13 08:30:05,560 [WARNING] No .gguf model found — skipping KoboldCPP auto-start
2026-05-13 08:30:05,561 [INFO] Status — API: ok  Kobold: failed  Restarts: api=0 kobold=0
2026-05-13 08:30:35,568 [WARNING] kobold not responding on port 5001 — restarting…
2026-05-13 08:30:35,569 [WARNING] No .gguf model found — skipping KoboldCPP auto-start
2026-05-13 08:30:35,570 [INFO] Status — API: ok  Kobold: failed  Restarts: api=0 kobold=0
2026-05-13 08:31:05,577 [WARNING] kobold not responding on port 5001 — restarting…
2026-05-13 08:31:05,578 [WARNING] No .gguf model found — skipping KoboldCPP auto-start
2026-05-13 08:31:05,580 [INFO] Status — API: ok  Kobold: failed  Restarts: api=0 kobold=0
2026-05-13 08:31:35,586 [WARNING] kobold not responding on port 5001 — restarting…
2026-05-13 08:31:35,588 [WARNING] No .gguf model found — skipping KoboldCPP auto-start
2026-05-13 08:31:35,589 [INFO] Status — API: ok  Kobold: failed  Restarts: api=0 kobold=0
2026-05-13 08:32:05,596 [WARNING] kobold not responding on port 5001 — restarting…
2026-05-13 08:32:05,597 [WARNING] No .gguf model found — skipping KoboldCPP auto-start
2026-05-13 08:32:05,598 [INFO] Status — API: ok  Kobold: failed  Restarts: api=0 kobold=0
2026-05-13 08:32:35,605 [WARNING] kobold not responding on port 5001 — restarting…
2026-05-13 08:32:35,606 [WARNING] No .gguf model found — skipping KoboldCPP auto-start
2026-05-13 08:32:35,607 [INFO] Status — API: ok  Kobold: failed  Restarts: api=0 kobold=0
2026-05-13 08:33:05,615 [WARNING] kobold not responding on port 5001 — restarting…
2026-05-13 08:33:05,616 [WARNING] No .gguf model found — skipping KoboldCPP auto-start
2026-05-13 08:33:05,617 [INFO] Status — API: ok  Kobold: failed  Restarts: api=0 kobold=0
2026-05-13 08:33:35,624 [WARNING] kobold not responding on port 5001 — restarting…
2026-05-13 08:33:35,625 [WARNING] No .gguf model found — skipping KoboldCPP auto-start
2026-05-13 08:33:35,626 [INFO] Status — API: ok  Kobold: failed  Restarts: api=0 kobold=0
2026-05-13 08:34:05,633 [WARNING] kobold not responding on port 5001 — restarting…
2026-05-13 08:34:05,634 [WARNING] No .gguf model found — skipping KoboldCPP auto-start
2026-05-13 08:34:05,635 [INFO] Status — API: ok  Kobold: failed  Restarts: api=0 kobold=0
2026-05-13 08:34:35,642 [WARNING] kobold not responding on port 5001 — restarting…
2026-05-13 08:34:35,643 [WARNING] No .gguf model found — skipping KoboldCPP auto-start
2026-05-13 08:34:35,643 [INFO] Status — API: ok  Kobold: failed  Restarts: api=0 kobold=0
2026-05-13 08:35:05,650 [WARNING] kobold not responding on port 5001 — restarting…
2026-05-13 08:35:05,652 [WARNING] No .gguf model found — skipping KoboldCPP auto-start
2026-05-13 08:35:05,653 [INFO] Status — API: ok  Kobold: failed  Restarts: api=0 kobold=0
2026-05-13 08:35:35,660 [WARNING] kobold not responding on port 5001 — restarting…
2026-05-13 08:35:35,661 [WARNING] No .gguf model found — skipping KoboldCPP auto-start
2026-05-13 08:35:35,662 [INFO] Status — API: ok  Kobold: failed  Restarts: api=0 kobold=0
2026-05-13 08:36:05,669 [WARNING] kobold not responding on port 5001 — restarting…
2026-05-13 08:36:05,670 [WARNING] No .gguf model found — skipping KoboldCPP auto-start
2026-05-13 08:36:05,671 [INFO] Status — API: ok  Kobold: failed  Restarts: api=0 kobold=0
2026-05-13 08:36:35,678 [WARNING] kobold not responding on port 5001 — restarting…
2026-05-13 08:36:35,679 [WARNING] No .gguf model found — skipping KoboldCPP auto-start
2026-05-13 08:36:35,680 [INFO] Status — API: ok  Kobold: failed  Restarts: api=0 kobold=0
2026-05-13 08:37:05,687 [WARNING] kobold not responding on port 5001 — restarting…
2026-05-13 08:37:05,689 [WARNING] No .gguf model found — skipping KoboldCPP auto-start
2026-05-13 08:37:05,690 [INFO] Status — API: ok  Kobold: failed  Restarts: api=0 kobold=0
2026-05-13 08:37:35,697 [WARNING] kobold not responding on port 5001 — restarting…
2026-05-13 08:37:35,698 [WARNING] No .gguf model found — skipping KoboldCPP auto-start
2026-05-13 08:37:35,699 [INFO] Status — API: ok  Kobold: failed  Restarts: api=0 kobold=0
2026-05-13 08:38:05,706 [WARNING] kobold not responding on port 5001 — restarting…
2026-05-13 08:38:05,707 [WARNING] No .gguf model found — skipping KoboldCPP auto-start
2026-05-13 08:38:05,708 [INFO] Status — API: ok  Kobold: failed  Restarts: api=0 kobold=0
2026-05-13 08:38:35,715 [WARNING] kobold not responding on port 5001 — restarting…
2026-05-13 08:38:35,716 [WARNING] No .gguf model found — skipping KoboldCPP auto-start
2026-05-13 08:38:35,718 [INFO] Status — API: ok  Kobold: failed  Restarts: api=0 kobold=0
2026-05-13 08:39:05,725 [WARNING] kobold not responding on port 5001 — restarting…
2026-05-13 08:39:05,726 [WARNING] No .gguf model found — skipping KoboldCPP auto-start
2026-05-13 08:39:05,727 [INFO] Status — API: ok  Kobold: failed  Restarts: api=0 kobold=0
2026-05-13 08:39:35,734 [WARNING] kobold not responding on port 5001 — restarting…
2026-05-13 08:39:35,736 [WARNING] No .gguf model found — skipping KoboldCPP auto-start
2026-05-13 08:39:35,737 [INFO] Status — API: ok  Kobold: failed  Restarts: api=0 kobold=0
2026-05-13 08:40:05,743 [WARNING] kobold not responding on port 5001 — restarting…
2026-05-13 08:40:05,745 [WARNING] No .gguf model found — skipping KoboldCPP auto-start
2026-05-13 08:40:05,746 [INFO] Status — API: ok  Kobold: failed  Restarts: api=0 kobold=0
2026-05-13 08:40:35,753 [WARNING] kobold not responding on port 5001 — restarting…
2026-05-13 08:40:35,754 [WARNING] No .gguf model found — skipping KoboldCPP auto-start
2026-05-13 08:40:35,755 [INFO] Status — API: ok  Kobold: failed  Restarts: api=0 kobold=0
2026-05-13 08:41:05,762 [WARNING] kobold not responding on port 5001 — restarting…
2026-05-13 08:41:05,763 [WARNING] No .gguf model found — skipping KoboldCPP auto-start
2026-05-13 08:41:05,764 [INFO] Status — API: ok  Kobold: failed  Restarts: api=0 kobold=0
2026-05-13 08:41:35,771 [WARNING] kobold not responding on port 5001 — restarting…
2026-05-13 08:41:35,773 [WARNING] No .gguf model found — skipping KoboldCPP auto-start
2026-05-13 08:41:35,774 [INFO] Status — API: ok  Kobold: failed  Restarts: api=0 kobold=0
2026-05-13 08:42:05,781 [WARNING] kobold not responding on port 5001 — restarting…
2026-05-13 08:42:05,782 [WARNING] No .gguf model found — skipping KoboldCPP auto-start
2026-05-13 08:42:05,783 [INFO] Status — API: ok  Kobold: failed  Restarts: api=0 kobold=0
2026-05-13 08:42:35,790 [WARNING] kobold not responding on port 5001 — restarting…
2026-05-13 08:42:35,791 [WARNING] No .gguf model found — skipping KoboldCPP auto-start
2026-05-13 08:42:35,792 [INFO] Status — API: ok  Kobold: failed  Restarts: api=0 kobold=0
2026-05-13 08:43:05,799 [WARNING] kobold not responding on port 5001 — restarting…
2026-05-13 08:43:05,801 [WARNING] No .gguf model found — skipping KoboldCPP auto-start
2026-05-13 08:43:05,802 [INFO] Status — API: ok  Kobold: failed  Restarts: api=0 kobold=0
2026-05-13 08:43:35,809 [WARNING] kobold not responding on port 5001 — restarting…
2026-05-13 08:43:35,810 [WARNING] No .gguf model found — skipping KoboldCPP auto-start
2026-05-13 08:43:35,811 [INFO] Status — API: ok  Kobold: failed  Restarts: api=0 kobold=0
2026-05-13 08:44:05,818 [WARNING] kobold not responding on port 5001 — restarting…
2026-05-13 08:44:05,819 [WARNING] No .gguf model found — skipping KoboldCPP auto-start
2026-05-13 08:44:05,820 [INFO] Status — API: ok  Kobold: failed  Restarts: api=0 kobold=0
2026-05-13 08:44:35,827 [WARNING] kobold not responding on port 5001 — restarting…
2026-05-13 08:44:35,828 [WARNING] No .gguf model found — skipping KoboldCPP auto-start
2026-05-13 08:44:35,829 [INFO] Status — API: ok  Kobold: failed  Restarts: api=0 kobold=0
2026-05-13 08:45:05,837 [WARNING] kobold not responding on port 5001 — restarting…
2026-05-13 08:45:05,838 [WARNING] No .gguf model found — skipping KoboldCPP auto-start
2026-05-13 08:45:05,839 [INFO] Status — API: ok  Kobold: failed  Restarts: api=0 kobold=0
2026-05-13 08:45:35,846 [WARNING] kobold not responding on port 5001 — restarting…
2026-05-13 08:45:35,847 [WARNING] No .gguf model found — skipping KoboldCPP auto-start
2026-05-13 08:45:35,848 [INFO] Status — API: ok  Kobold: failed  Restarts: api=0 kobold=0
2026-05-13 08:46:05,856 [WARNING] kobold not responding on port 5001 — restarting…
2026-05-13 08:46:05,858 [WARNING] No .gguf model found — skipping KoboldCPP auto-start
2026-05-13 08:46:05,859 [INFO] Status — API: ok  Kobold: failed  Restarts: api=0 kobold=0
2026-05-13 08:46:35,866 [WARNING] kobold not responding on port 5001 — restarting…
2026-05-13 08:46:35,867 [WARNING] No .gguf model found — skipping KoboldCPP auto-start
2026-05-13 08:46:35,868 [INFO] Status — API: ok  Kobold: failed  Restarts: api=0 kobold=0
2026-05-13 08:47:05,875 [WARNING] kobold not responding on port 5001 — restarting…
2026-05-13 08:47:05,876 [WARNING] No .gguf model found — skipping KoboldCPP auto-start
2026-05-13 08:47:05,878 [INFO] Status — API: ok  Kobold: failed  Restarts: api=0 kobold=0
2026-05-13 08:47:35,884 [WARNING] kobold not responding on port 5001 — restarting…
2026-05-13 08:47:35,886 [WARNING] No .gguf model found — skipping KoboldCPP auto-start
2026-05-13 08:47:35,887 [INFO] Status — API: ok  Kobold: failed  Restarts: api=0 kobold=0
2026-05-13 08:48:05,894 [WARNING] kobold not responding on port 5001 — restarting…
2026-05-13 08:48:05,895 [WARNING] No .gguf model found — skipping KoboldCPP auto-start
2026-05-13 08:48:05,896 [INFO] Status — API: ok  Kobold: failed  Restarts: api=0 kobold=0
2026-05-13 08:48:35,903 [WARNING] kobold not responding on port 5001 — restarting…
2026-05-13 08:48:35,904 [WARNING] No .gguf model found — skipping KoboldCPP auto-start
2026-05-13 08:48:35,905 [INFO] Status — API: ok  Kobold: failed  Restarts: api=0 kobold=0
2026-05-13 08:49:05,912 [WARNING] kobold not responding on port 5001 — restarting…
2026-05-13 08:49:05,914 [WARNING] No .gguf model found — skipping KoboldCPP auto-start
2026-05-13 08:49:05,915 [INFO] Status — API: ok  Kobold: failed  Restarts: api=0 kobold=0
2026-05-13 08:49:35,921 [WARNING] kobold not responding on port 5001 — restarting…
2026-05-13 08:49:35,923 [WARNING] No .gguf model found — skipping KoboldCPP auto-start
2026-05-13 08:49:35,924 [INFO] Status — API: ok  Kobold: failed  Restarts: api=0 kobold=0
2026-05-13 08:50:05,931 [WARNING] kobold not responding on port 5001 — restarting…
2026-05-13 08:50:05,932 [WARNING] No .gguf model found — skipping KoboldCPP auto-start
2026-05-13 08:50:05,933 [INFO] Status — API: ok  Kobold: failed  Restarts: api=0 kobold=0
2026-05-13 08:50:35,940 [WARNING] kobold not responding on port 5001 — restarting…
2026-05-13 08:50:35,942 [WARNING] No .gguf model found — skipping KoboldCPP auto-start
2026-05-13 08:50:35,943 [INFO] Status — API: ok  Kobold: failed  Restarts: api=0 kobold=0
2026-05-13 08:51:05,950 [WARNING] kobold not responding on port 5001 — restarting…
2026-05-13 08:51:05,951 [WARNING] No .gguf model found — skipping KoboldCPP auto-start
2026-05-13 08:51:05,952 [INFO] Status — API: ok  Kobold: failed  Restarts: api=0 kobold=0
2026-05-13 08:51:35,959 [WARNING] kobold not responding on port 5001 — restarting…
2026-05-13 08:51:35,961 [WARNING] No .gguf model found — skipping KoboldCPP auto-start
2026-05-13 08:51:35,962 [INFO] Status — API: ok  Kobold: failed  Restarts: api=0 kobold=0
2026-05-13 08:52:05,968 [WARNING] kobold not responding on port 5001 — restarting…
2026-05-13 08:52:05,970 [WARNING] No .gguf model found — skipping KoboldCPP auto-start
2026-05-13 08:52:05,971 [INFO] Status — API: ok  Kobold: failed  Restarts: api=0 kobold=0
2026-05-13 08:52:35,978 [WARNING] kobold not responding on port 5001 — restarting…
2026-05-13 08:52:35,979 [WARNING] No .gguf model found — skipping KoboldCPP auto-start
2026-05-13 08:52:35,980 [INFO] Status — API: ok  Kobold: failed  Restarts: api=0 kobold=0
2026-05-13 08:53:05,987 [WARNING] kobold not responding on port 5001 — restarting…
2026-05-13 08:53:05,988 [WARNING] No .gguf model found — skipping KoboldCPP auto-start
2026-05-13 08:53:05,989 [INFO] Status — API: ok  Kobold: failed  Restarts: api=0 kobold=0
2026-05-13 08:53:35,996 [WARNING] kobold not responding on port 5001 — restarting…
2026-05-13 08:53:35,998 [WARNING] No .gguf model found — skipping KoboldCPP auto-start
2026-05-13 08:53:35,999 [INFO] Status — API: ok  Kobold: failed  Restarts: api=0 kobold=0
2026-05-13 08:54:06,006 [WARNING] kobold not responding on port 5001 — restarting…
2026-05-13 08:54:06,007 [WARNING] No .gguf model found — skipping KoboldCPP auto-start
2026-05-13 08:54:06,008 [INFO] Status — API: ok  Kobold: failed  Restarts: api=0 kobold=0
2026-05-13 08:54:36,015 [WARNING] kobold not responding on port 5001 — restarting…
2026-05-13 08:54:36,017 [WARNING] No .gguf model found — skipping KoboldCPP auto-start
2026-05-13 08:54:36,018 [INFO] Status — API: ok  Kobold: failed  Restarts: api=0 kobold=0
2026-05-13 08:55:06,025 [WARNING] kobold not responding on port 5001 — restarting…
2026-05-13 08:55:06,026 [WARNING] No .gguf model found — skipping KoboldCPP auto-start
2026-05-13 08:55:06,027 [INFO] Status — API: ok  Kobold: failed  Restarts: api=0 kobold=0
2026-05-13 08:55:36,034 [WARNING] kobold not responding on port 5001 — restarting…
2026-05-13 08:55:36,035 [WARNING] No .gguf model found — skipping KoboldCPP auto-start
2026-05-13 08:55:36,036 [INFO] Status — API: ok  Kobold: failed  Restarts: api=0 kobold=0
2026-05-13 08:56:06,043 [WARNING] kobold not responding on port 5001 — restarting…
2026-05-13 08:56:06,045 [WARNING] No .gguf model found — skipping KoboldCPP auto-start
2026-05-13 08:56:06,046 [INFO] Status — API: ok  Kobold: failed  Restarts: api=0 kobold=0
2026-05-13 08:56:36,053 [WARNING] kobold not responding on port 5001 — restarting…
2026-05-13 08:56:36,054 [WARNING] No .gguf model found — skipping KoboldCPP auto-start
2026-05-13 08:56:36,055 [INFO] Status — API: ok  Kobold: failed  Restarts: api=0 kobold=0
2026-05-13 08:57:06,062 [WARNING] kobold not responding on port 5001 — restarting…
2026-05-13 08:57:06,064 [WARNING] No .gguf model found — skipping KoboldCPP auto-start
2026-05-13 08:57:06,065 [INFO] Status — API: ok  Kobold: failed  Restarts: api=0 kobold=0
2026-05-13 08:57:36,072 [WARNING] kobold not responding on port 5001 — restarting…
2026-05-13 08:57:36,073 [WARNING] No .gguf model found — skipping KoboldCPP auto-start
2026-05-13 08:57:36,074 [INFO] Status — API: ok  Kobold: failed  Restarts: api=0 kobold=0
2026-05-13 08:58:06,081 [WARNING] kobold not responding on port 5001 — restarting…
2026-05-13 08:58:06,082 [WARNING] No .gguf model found — skipping KoboldCPP auto-start
2026-05-13 08:58:06,083 [INFO] Status — API: ok  Kobold: failed  Restarts: api=0 kobold=0
2026-05-13 08:58:36,091 [WARNING] kobold not responding on port 5001 — restarting…
2026-05-13 08:58:36,092 [WARNING] No .gguf model found — skipping KoboldCPP auto-start
2026-05-13 08:58:36,093 [INFO] Status — API: ok  Kobold: failed  Restarts: api=0 kobold=0
2026-05-13 08:59:06,100 [WARNING] kobold not responding on port 5001 — restarting…
2026-05-13 08:59:06,101 [WARNING] No .gguf model found — skipping KoboldCPP auto-start
2026-05-13 08:59:06,102 [INFO] Status — API: ok  Kobold: failed  Restarts: api=0 kobold=0
2026-05-13 08:59:36,109 [WARNING] kobold not responding on port 5001 — restarting…
2026-05-13 08:59:36,111 [WARNING] No .gguf model found — skipping KoboldCPP auto-start
2026-05-13 08:59:36,112 [INFO] Status — API: ok  Kobold: failed  Restarts: api=0 kobold=0
2026-05-13 09:00:06,119 [WARNING] kobold not responding on port 5001 — restarting…
2026-05-13 09:00:06,120 [WARNING] No .gguf model found — skipping KoboldCPP auto-start
2026-05-13 09:00:06,121 [INFO] Status — API: ok  Kobold: failed  Restarts: api=0 kobold=0
2026-05-13 09:00:36,128 [WARNING] kobold not responding on port 5001 — restarting…
2026-05-13 09:00:36,129 [WARNING] No .gguf model found — skipping KoboldCPP auto-start
2026-05-13 09:00:36,131 [INFO] Status — API: ok  Kobold: failed  Restarts: api=0 kobold=0
2026-05-13 09:01:06,138 [WARNING] kobold not responding on port 5001 — restarting…
2026-05-13 09:01:06,139 [WARNING] No .gguf model found — skipping KoboldCPP auto-start
2026-05-13 09:01:06,140 [INFO] Status — API: ok  Kobold: failed  Restarts: api=0 kobold=0
2026-05-13 09:01:36,147 [WARNING] kobold not responding on port 5001 — restarting…
2026-05-13 09:01:36,148 [WARNING] No .gguf model found — skipping KoboldCPP auto-start
2026-05-13 09:01:36,149 [INFO] Status — API: ok  Kobold: failed  Restarts: api=0 kobold=0
2026-05-13 09:02:06,157 [WARNING] kobold not responding on port 5001 — restarting…
2026-05-13 09:02:06,158 [WARNING] No .gguf model found — skipping KoboldCPP auto-start
2026-05-13 09:02:06,159 [INFO] Status — API: ok  Kobold: failed  Restarts: api=0 kobold=0
2026-05-13 09:02:36,166 [WARNING] kobold not responding on port 5001 — restarting…
2026-05-13 09:02:36,167 [WARNING] No .gguf model found — skipping KoboldCPP auto-start
2026-05-13 09:02:36,168 [INFO] Status — API: ok  Kobold: failed  Restarts: api=0 kobold=0
2026-05-13 09:03:06,175 [WARNING] kobold not responding on port 5001 — restarting…
2026-05-13 09:03:06,177 [WARNING] No .gguf model found — skipping KoboldCPP auto-start
2026-05-13 09:03:06,178 [INFO] Status — API: ok  Kobold: failed  Restarts: api=0 kobold=0
2026-05-13 09:03:36,185 [WARNING] kobold not responding on port 5001 — restarting…
2026-05-13 09:03:36,186 [WARNING] No .gguf model found — skipping KoboldCPP auto-start
2026-05-13 09:03:36,187 [INFO] Status — API: ok  Kobold: failed  Restarts: api=0 kobold=0
2026-05-13 09:04:06,194 [WARNING] kobold not responding on port 5001 — restarting…
2026-05-13 09:04:06,196 [WARNING] No .gguf model found — skipping KoboldCPP auto-start
2026-05-13 09:04:06,197 [INFO] Status — API: ok  Kobold: failed  Restarts: api=0 kobold=0
2026-05-13 09:04:36,204 [WARNING] kobold not responding on port 5001 — restarting…
2026-05-13 09:04:36,205 [WARNING] No .gguf model found — skipping KoboldCPP auto-start
2026-05-13 09:04:36,206 [INFO] Status — API: ok  Kobold: failed  Restarts: api=0 kobold=0
2026-05-13 09:05:06,213 [WARNING] kobold not responding on port 5001 — restarting…
2026-05-13 09:05:06,214 [WARNING] No .gguf model found — skipping KoboldCPP auto-start
2026-05-13 09:05:06,215 [INFO] Status — API: ok  Kobold: failed  Restarts: api=0 kobold=0
2026-05-13 09:05:36,222 [WARNING] kobold not responding on port 5001 — restarting…
2026-05-13 09:05:36,224 [WARNING] No .gguf model found — skipping KoboldCPP auto-start
2026-05-13 09:05:36,225 [INFO] Status — API: ok  Kobold: failed  Restarts: api=0 kobold=0
2026-05-13 09:06:06,232 [WARNING] kobold not responding on port 5001 — restarting…
2026-05-13 09:06:06,233 [WARNING] No .gguf model found — skipping KoboldCPP auto-start
2026-05-13 09:06:06,234 [INFO] Status — API: ok  Kobold: failed  Restarts: api=0 kobold=0
2026-05-13 09:06:36,241 [WARNING] kobold not responding on port 5001 — restarting…
2026-05-13 09:06:36,242 [WARNING] No .gguf model found — skipping KoboldCPP auto-start
2026-05-13 09:06:36,244 [INFO] Status — API: ok  Kobold: failed  Restarts: api=0 kobold=0
2026-05-13 09:07:06,251 [WARNING] kobold not responding on port 5001 — restarting…
2026-05-13 09:07:06,252 [WARNING] No .gguf model found — skipping KoboldCPP auto-start
2026-05-13 09:07:06,253 [INFO] Status — API: ok  Kobold: failed  Restarts: api=0 kobold=0
2026-05-13 09:07:36,260 [WARNING] kobold not responding on port 5001 — restarting…
2026-05-13 09:07:36,261 [WARNING] No .gguf model found — skipping KoboldCPP auto-start
2026-05-13 09:07:36,262 [INFO] Status — API: ok  Kobold: failed  Restarts: api=0 kobold=0
2026-05-13 09:08:06,269 [WARNING] kobold not responding on port 5001 — restarting…
2026-05-13 09:08:06,270 [WARNING] No .gguf model found — skipping KoboldCPP auto-start
2026-05-13 09:08:06,272 [INFO] Status — API: ok  Kobold: failed  Restarts: api=0 kobold=0
2026-05-13 09:08:36,279 [WARNING] kobold not responding on port 5001 — restarting…
2026-05-13 09:08:36,280 [WARNING] No .gguf model found — skipping KoboldCPP auto-start
2026-05-13 09:08:36,281 [INFO] Status — API: ok  Kobold: failed  Restarts: api=0 kobold=0
2026-05-13 09:09:06,288 [WARNING] kobold not responding on port 5001 — restarting…
2026-05-13 09:09:06,289 [WARNING] No .gguf model found — skipping KoboldCPP auto-start
2026-05-13 09:09:06,290 [INFO] Status — API: ok  Kobold: failed  Restarts: api=0 kobold=0
2026-05-13 09:09:36,297 [WARNING] kobold not responding on port 5001 — restarting…
2026-05-13 09:09:36,298 [WARNING] No .gguf model found — skipping KoboldCPP auto-start
2026-05-13 09:09:36,300 [INFO] Status — API: ok  Kobold: failed  Restarts: api=0 kobold=0
2026-05-13 09:10:06,307 [WARNING] kobold not responding on port 5001 — restarting…
2026-05-13 09:10:06,308 [WARNING] No .gguf model found — skipping KoboldCPP auto-start
2026-05-13 09:10:06,309 [INFO] Status — API: ok  Kobold: failed  Restarts: api=0 kobold=0
2026-05-13 09:10:36,316 [WARNING] kobold not responding on port 5001 — restarting…
2026-05-13 09:10:36,317 [WARNING] No .gguf model found — skipping KoboldCPP auto-start
2026-05-13 09:10:36,318 [INFO] Status — API: ok  Kobold: failed  Restarts: api=0 kobold=0
2026-05-13 09:11:06,325 [WARNING] kobold not responding on port 5001 — restarting…
2026-05-13 09:11:06,326 [WARNING] No .gguf model found — skipping KoboldCPP auto-start
2026-05-13 09:11:06,328 [INFO] Status — API: ok  Kobold: failed  Restarts: api=0 kobold=0
2026-05-13 09:11:36,335 [WARNING] kobold not responding on port 5001 — restarting…
2026-05-13 09:11:36,336 [WARNING] No .gguf model found — skipping KoboldCPP auto-start
2026-05-13 09:11:36,337 [INFO] Status — API: ok  Kobold: failed  Restarts: api=0 kobold=0
2026-05-13 09:12:06,344 [WARNING] kobold not responding on port 5001 — restarting…
2026-05-13 09:12:06,345 [WARNING] No .gguf model found — skipping KoboldCPP auto-start
2026-05-13 09:12:06,346 [INFO] Status — API: ok  Kobold: failed  Restarts: api=0 kobold=0
2026-05-13 09:12:36,353 [WARNING] kobold not responding on port 5001 — restarting…
2026-05-13 09:12:36,354 [WARNING] No .gguf model found — skipping KoboldCPP auto-start
2026-05-13 09:12:36,355 [INFO] Status — API: ok  Kobold: failed  Restarts: api=0 kobold=0
2026-05-13 09:13:06,362 [WARNING] kobold not responding on port 5001 — restarting…
2026-05-13 09:13:06,364 [WARNING] No .gguf model found — skipping KoboldCPP auto-start
2026-05-13 09:13:06,365 [INFO] Status — API: ok  Kobold: failed  Restarts: api=0 kobold=0
2026-05-13 09:13:36,372 [WARNING] kobold not responding on port 5001 — restarting…
2026-05-13 09:13:36,374 [WARNING] No .gguf model found — skipping KoboldCPP auto-start
2026-05-13 09:13:36,375 [INFO] Status — API: ok  Kobold: failed  Restarts: api=0 kobold=0
2026-05-13 09:14:06,382 [WARNING] kobold not responding on port 5001 — restarting…
2026-05-13 09:14:06,383 [WARNING] No .gguf model found — skipping KoboldCPP auto-start
2026-05-13 09:14:06,384 [INFO] Status — API: ok  Kobold: failed  Restarts: api=0 kobold=0
2026-05-13 09:14:36,391 [WARNING] kobold not responding on port 5001 — restarting…
2026-05-13 09:14:36,392 [WARNING] No .gguf model found — skipping KoboldCPP auto-start
2026-05-13 09:14:36,393 [INFO] Status — API: ok  Kobold: failed  Restarts: api=0 kobold=0
2026-05-13 09:15:06,400 [WARNING] kobold not responding on port 5001 — restarting…
2026-05-13 09:15:06,401 [WARNING] No .gguf model found — skipping KoboldCPP auto-start
2026-05-13 09:15:06,402 [INFO] Status — API: ok  Kobold: failed  Restarts: api=0 kobold=0
2026-05-13 09:15:36,409 [WARNING] kobold not responding on port 5001 — restarting…
2026-05-13 09:15:36,411 [WARNING] No .gguf model found — skipping KoboldCPP auto-start
2026-05-13 09:15:36,412 [INFO] Status — API: ok  Kobold: failed  Restarts: api=0 kobold=0
2026-05-13 09:16:06,419 [WARNING] kobold not responding on port 5001 — restarting…
2026-05-13 09:16:06,420 [WARNING] No .gguf model found — skipping KoboldCPP auto-start
2026-05-13 09:16:06,421 [INFO] Status — API: ok  Kobold: failed  Restarts: api=0 kobold=0
2026-05-13 09:16:36,428 [WARNING] kobold not responding on port 5001 — restarting…
2026-05-13 09:16:36,429 [WARNING] No .gguf model found — skipping KoboldCPP auto-start
2026-05-13 09:16:36,430 [INFO] Status — API: ok  Kobold: failed  Restarts: api=0 kobold=0
2026-05-13 09:17:06,437 [WARNING] kobold not responding on port 5001 — restarting…
2026-05-13 09:17:06,438 [WARNING] No .gguf model found — skipping KoboldCPP auto-start
2026-05-13 09:17:06,440 [INFO] Status — API: ok  Kobold: failed  Restarts: api=0 kobold=0
2026-05-13 09:17:36,446 [WARNING] kobold not responding on port 5001 — restarting…
2026-05-13 09:17:36,448 [WARNING] No .gguf model found — skipping KoboldCPP auto-start
2026-05-13 09:17:36,449 [INFO] Status — API: ok  Kobold: failed  Restarts: api=0 kobold=0
2026-05-13 09:18:06,456 [WARNING] kobold not responding on port 5001 — restarting…
2026-05-13 09:18:06,457 [WARNING] No .gguf model found — skipping KoboldCPP auto-start
2026-05-13 09:18:06,458 [INFO] Status — API: ok  Kobold: failed  Restarts: api=0 kobold=0
2026-05-13 09:18:36,465 [WARNING] kobold not responding on port 5001 — restarting…
2026-05-13 09:18:36,466 [WARNING] No .gguf model found — skipping KoboldCPP auto-start
2026-05-13 09:18:36,467 [INFO] Status — API: ok  Kobold: failed  Restarts: api=0 kobold=0
2026-05-13 09:19:06,474 [WARNING] kobold not responding on port 5001 — restarting…
2026-05-13 09:19:06,475 [WARNING] No .gguf model found — skipping KoboldCPP auto-start
2026-05-13 09:19:06,476 [INFO] Status — API: ok  Kobold: failed  Restarts: api=0 kobold=0
2026-05-13 09:19:36,483 [WARNING] kobold not responding on port 5001 — restarting…
2026-05-13 09:19:36,485 [WARNING] No .gguf model found — skipping KoboldCPP auto-start
2026-05-13 09:19:36,486 [INFO] Status — API: ok  Kobold: failed  Restarts: api=0 kobold=0
2026-05-13 09:20:06,493 [WARNING] kobold not responding on port 5001 — restarting…
2026-05-13 09:20:06,494 [WARNING] No .gguf model found — skipping KoboldCPP auto-start
2026-05-13 09:20:06,495 [INFO] Status — API: ok  Kobold: failed  Restarts: api=0 kobold=0
2026-05-13 09:20:36,502 [WARNING] kobold not responding on port 5001 — restarting…
2026-05-13 09:20:36,503 [WARNING] No .gguf model found — skipping KoboldCPP auto-start
2026-05-13 09:20:36,504 [INFO] Status — API: ok  Kobold: failed  Restarts: api=0 kobold=0
2026-05-13 09:21:06,512 [WARNING] kobold not responding on port 5001 — restarting…
2026-05-13 09:21:06,513 [WARNING] No .gguf model found — skipping KoboldCPP auto-start
2026-05-13 09:21:06,514 [INFO] Status — API: ok  Kobold: failed  Restarts: api=0 kobold=0
2026-05-13 09:21:36,521 [WARNING] kobold not responding on port 5001 — restarting…
2026-05-13 09:21:36,522 [WARNING] No .gguf model found — skipping KoboldCPP auto-start
2026-05-13 09:21:36,523 [INFO] Status — API: ok  Kobold: failed  Restarts: api=0 kobold=0
2026-05-13 09:22:06,530 [WARNING] kobold not responding on port 5001 — restarting…
2026-05-13 09:22:06,531 [WARNING] No .gguf model found — skipping KoboldCPP auto-start
2026-05-13 09:22:06,533 [INFO] Status — API: ok  Kobold: failed  Restarts: api=0 kobold=0
2026-05-13 09:22:36,540 [WARNING] kobold not responding on port 5001 — restarting…
2026-05-13 09:22:36,541 [WARNING] No .gguf model found — skipping KoboldCPP auto-start
2026-05-13 09:22:36,542 [INFO] Status — API: ok  Kobold: failed  Restarts: api=0 kobold=0
2026-05-13 09:23:06,549 [WARNING] kobold not responding on port 5001 — restarting…
2026-05-13 09:23:06,550 [WARNING] No .gguf model found — skipping KoboldCPP auto-start
2026-05-13 09:23:06,551 [INFO] Status — API: ok  Kobold: failed  Restarts: api=0 kobold=0
2026-05-13 09:23:36,558 [WARNING] kobold not responding on port 5001 — restarting…
2026-05-13 09:23:36,560 [WARNING] No .gguf model found — skipping KoboldCPP auto-start
2026-05-13 09:23:36,561 [INFO] Status — API: ok  Kobold: failed  Restarts: api=0 kobold=0
2026-05-13 09:24:06,568 [WARNING] kobold not responding on port 5001 — restarting…
2026-05-13 09:24:06,569 [WARNING] No .gguf model found — skipping KoboldCPP auto-start
2026-05-13 09:24:06,570 [INFO] Status — API: ok  Kobold: failed  Restarts: api=0 kobold=0
2026-05-13 09:24:36,577 [WARNING] kobold not responding on port 5001 — restarting…
2026-05-13 09:24:36,578 [WARNING] No .gguf model found — skipping KoboldCPP auto-start
2026-05-13 09:24:36,579 [INFO] Status — API: ok  Kobold: failed  Restarts: api=0 kobold=0
2026-05-13 09:25:06,586 [WARNING] kobold not responding on port 5001 — restarting…
2026-05-13 09:25:06,588 [WARNING] No .gguf model found — skipping KoboldCPP auto-start
2026-05-13 09:25:06,589 [INFO] Status — API: ok  Kobold: failed  Restarts: api=0 kobold=0
2026-05-13 09:25:36,595 [WARNING] kobold not responding on port 5001 — restarting…
2026-05-13 09:25:36,597 [WARNING] No .gguf model found — skipping KoboldCPP auto-start
2026-05-13 09:25:36,598 [INFO] Status — API: ok  Kobold: failed  Restarts: api=0 kobold=0
2026-05-13 09:26:06,605 [WARNING] kobold not responding on port 5001 — restarting…
2026-05-13 09:26:06,606 [WARNING] No .gguf model found — skipping KoboldCPP auto-start
2026-05-13 09:26:06,607 [INFO] Status — API: ok  Kobold: failed  Restarts: api=0 kobold=0
2026-05-13 09:26:36,614 [WARNING] kobold not responding on port 5001 — restarting…
2026-05-13 09:26:36,615 [WARNING] No .gguf model found — skipping KoboldCPP auto-start
2026-05-13 09:26:36,616 [INFO] Status — API: ok  Kobold: failed  Restarts: api=0 kobold=0
2026-05-13 09:27:06,623 [WARNING] kobold not responding on port 5001 — restarting…
2026-05-13 09:27:06,625 [WARNING] No .gguf model found — skipping KoboldCPP auto-start
2026-05-13 09:27:06,626 [INFO] Status — API: ok  Kobold: failed  Restarts: api=0 kobold=0
2026-05-13 09:27:36,633 [WARNING] kobold not responding on port 5001 — restarting…
2026-05-13 09:27:36,634 [WARNING] No .gguf model found — skipping KoboldCPP auto-start
2026-05-13 09:27:36,635 [INFO] Status — API: ok  Kobold: failed  Restarts: api=0 kobold=0
2026-05-13 09:28:06,642 [WARNING] kobold not responding on port 5001 — restarting…
2026-05-13 09:28:06,644 [WARNING] No .gguf model found — skipping KoboldCPP auto-start
2026-05-13 09:28:06,645 [INFO] Status — API: ok  Kobold: failed  Restarts: api=0 kobold=0
2026-05-13 09:28:36,651 [WARNING] kobold not responding on port 5001 — restarting…
2026-05-13 09:28:36,653 [WARNING] No .gguf model found — skipping KoboldCPP auto-start
2026-05-13 09:28:36,654 [INFO] Status — API: ok  Kobold: failed  Restarts: api=0 kobold=0
2026-05-13 09:29:06,661 [WARNING] kobold not responding on port 5001 — restarting…
2026-05-13 09:29:06,662 [WARNING] No .gguf model found — skipping KoboldCPP auto-start
2026-05-13 09:29:06,663 [INFO] Status — API: ok  Kobold: failed  Restarts: api=0 kobold=0
2026-05-13 09:29:36,670 [WARNING] kobold not responding on port 5001 — restarting…
2026-05-13 09:29:36,671 [WARNING] No .gguf model found — skipping KoboldCPP auto-start
2026-05-13 09:29:36,672 [INFO] Status — API: ok  Kobold: failed  Restarts: api=0 kobold=0
2026-05-13 09:30:06,679 [WARNING] kobold not responding on port 5001 — restarting…
2026-05-13 09:30:06,681 [WARNING] No .gguf model found — skipping KoboldCPP auto-start
2026-05-13 09:30:06,682 [INFO] Status — API: ok  Kobold: failed  Restarts: api=0 kobold=0
2026-05-13 09:30:36,689 [WARNING] kobold not responding on port 5001 — restarting…
2026-05-13 09:30:36,690 [WARNING] No .gguf model found — skipping KoboldCPP auto-start
2026-05-13 09:30:36,691 [INFO] Status — API: ok  Kobold: failed  Restarts: api=0 kobold=0
2026-05-13 09:31:06,698 [WARNING] kobold not responding on port 5001 — restarting…
2026-05-13 09:31:06,700 [WARNING] No .gguf model found — skipping KoboldCPP auto-start
2026-05-13 09:31:06,702 [INFO] Status — API: ok  Kobold: failed  Restarts: api=0 kobold=0
2026-05-13 09:31:36,709 [WARNING] kobold not responding on port 5001 — restarting…
2026-05-13 09:31:36,710 [WARNING] No .gguf model found — skipping KoboldCPP auto-start
2026-05-13 09:31:36,711 [INFO] Status — API: ok  Kobold: failed  Restarts: api=0 kobold=0
2026-05-13 09:32:06,718 [WARNING] kobold not responding on port 5001 — restarting…
2026-05-13 09:32:06,719 [WARNING] No .gguf model found — skipping KoboldCPP auto-start
2026-05-13 09:32:06,720 [INFO] Status — API: ok  Kobold: failed  Restarts: api=0 kobold=0
2026-05-13 09:32:36,727 [WARNING] kobold not responding on port 5001 — restarting…
2026-05-13 09:32:36,728 [WARNING] No .gguf model found — skipping KoboldCPP auto-start
2026-05-13 09:32:36,729 [INFO] Status — API: ok  Kobold: failed  Restarts: api=0 kobold=0
2026-05-13 09:33:06,734 [WARNING] kobold not responding on port 5001 — restarting…
2026-05-13 09:33:06,735 [WARNING] No .gguf model found — skipping KoboldCPP auto-start
2026-05-13 09:33:06,735 [INFO] Status — API: ok  Kobold: failed  Restarts: api=0 kobold=0
2026-05-13 09:33:36,742 [WARNING] kobold not responding on port 5001 — restarting…
2026-05-13 09:33:36,743 [WARNING] No .gguf model found — skipping KoboldCPP auto-start
2026-05-13 09:33:36,745 [INFO] Status — API: ok  Kobold: failed  Restarts: api=0 kobold=0
2026-05-13 09:34:06,751 [WARNING] kobold not responding on port 5001 — restarting…
2026-05-13 09:34:06,752 [WARNING] No .gguf model found — skipping KoboldCPP auto-start
2026-05-13 09:34:06,753 [INFO] Status — API: ok  Kobold: failed  Restarts: api=0 kobold=0
2026-05-13 09:34:36,760 [WARNING] kobold not responding on port 5001 — restarting…
2026-05-13 09:34:36,761 [WARNING] No .gguf model found — skipping KoboldCPP auto-start
2026-05-13 09:34:36,762 [INFO] Status — API: ok  Kobold: failed  Restarts: api=0 kobold=0
2026-05-13 09:35:06,769 [WARNING] kobold not responding on port 5001 — restarting…
2026-05-13 09:35:06,770 [WARNING] No .gguf model found — skipping KoboldCPP auto-start
2026-05-13 09:35:06,771 [INFO] Status — API: ok  Kobold: failed  Restarts: api=0 kobold=0
2026-05-13 09:35:36,778 [WARNING] kobold not responding on port 5001 — restarting…
2026-05-13 09:35:36,779 [WARNING] No .gguf model found — skipping KoboldCPP auto-start
2026-05-13 09:35:36,780 [INFO] Status — API: ok  Kobold: failed  Restarts: api=0 kobold=0
2026-05-13 09:36:06,785 [WARNING] kobold not responding on port 5001 — restarting…
2026-05-13 09:36:06,787 [WARNING] No .gguf model found — skipping KoboldCPP auto-start
2026-05-13 09:36:06,788 [INFO] Status — API: ok  Kobold: failed  Restarts: api=0 kobold=0
2026-05-13 09:36:36,795 [WARNING] kobold not responding on port 5001 — restarting…
2026-05-13 09:36:36,796 [WARNING] No .gguf model found — skipping KoboldCPP auto-start
2026-05-13 09:36:36,797 [INFO] Status — API: ok  Kobold: failed  Restarts: api=0 kobold=0
2026-05-13 09:37:06,804 [WARNING] kobold not responding on port 5001 — restarting…
2026-05-13 09:37:06,805 [WARNING] No .gguf model found — skipping KoboldCPP auto-start
2026-05-13 09:37:06,806 [INFO] Status — API: ok  Kobold: failed  Restarts: api=0 kobold=0
2026-05-13 09:37:36,813 [WARNING] kobold not responding on port 5001 — restarting…
2026-05-13 09:37:36,814 [WARNING] No .gguf model found — skipping KoboldCPP auto-start
2026-05-13 09:37:36,815 [INFO] Status — API: ok  Kobold: failed  Restarts: api=0 kobold=0
2026-05-13 09:38:06,822 [WARNING] kobold not responding on port 5001 — restarting…
2026-05-13 09:38:06,824 [WARNING] No .gguf model found — skipping KoboldCPP auto-start
2026-05-13 09:38:06,825 [INFO] Status — API: ok  Kobold: failed  Restarts: api=0 kobold=0
2026-05-13 09:38:36,833 [WARNING] kobold not responding on port 5001 — restarting…
2026-05-13 09:38:36,834 [WARNING] No .gguf model found — skipping KoboldCPP auto-start
2026-05-13 09:38:36,835 [INFO] Status — API: ok  Kobold: failed  Restarts: api=0 kobold=0
2026-05-13 09:39:06,841 [WARNING] kobold not responding on port 5001 — restarting…
2026-05-13 09:39:06,843 [WARNING] No .gguf model found — skipping KoboldCPP auto-start
2026-05-13 09:39:06,844 [INFO] Status — API: ok  Kobold: failed  Restarts: api=0 kobold=0
2026-05-13 09:39:36,851 [WARNING] kobold not responding on port 5001 — restarting…
2026-05-13 09:39:36,852 [WARNING] No .gguf model found — skipping KoboldCPP auto-start
2026-05-13 09:39:36,853 [INFO] Status — API: ok  Kobold: failed  Restarts: api=0 kobold=0
2026-05-13 09:40:06,859 [WARNING] kobold not responding on port 5001 — restarting…
2026-05-13 09:40:06,861 [WARNING] No .gguf model found — skipping KoboldCPP auto-start
2026-05-13 09:40:06,862 [INFO] Status — API: ok  Kobold: failed  Restarts: api=0 kobold=0
2026-05-13 09:40:36,869 [WARNING] kobold not responding on port 5001 — restarting…
2026-05-13 09:40:36,870 [WARNING] No .gguf model found — skipping KoboldCPP auto-start
2026-05-13 09:40:36,871 [INFO] Status — API: ok  Kobold: failed  Restarts: api=0 kobold=0
2026-05-13 09:41:06,878 [WARNING] kobold not responding on port 5001 — restarting…
2026-05-13 09:41:06,880 [WARNING] No .gguf model found — skipping KoboldCPP auto-start
2026-05-13 09:41:06,881 [INFO] Status — API: ok  Kobold: failed  Restarts: api=0 kobold=0
2026-05-13 09:41:36,887 [WARNING] kobold not responding on port 5001 — restarting…
2026-05-13 09:41:36,889 [WARNING] No .gguf model found — skipping KoboldCPP auto-start
2026-05-13 09:41:36,890 [INFO] Status — API: ok  Kobold: failed  Restarts: api=0 kobold=0
2026-05-13 09:42:06,896 [WARNING] kobold not responding on port 5001 — restarting…
2026-05-13 09:42:06,898 [WARNING] No .gguf model found — skipping KoboldCPP auto-start
2026-05-13 09:42:06,899 [INFO] Status — API: ok  Kobold: failed  Restarts: api=0 kobold=0
2026-05-13 09:42:36,905 [WARNING] kobold not responding on port 5001 — restarting…
2026-05-13 09:42:36,907 [WARNING] No .gguf model found — skipping KoboldCPP auto-start
2026-05-13 09:42:36,908 [INFO] Status — API: ok  Kobold: failed  Restarts: api=0 kobold=0
2026-05-13 09:43:06,914 [WARNING] kobold not responding on port 5001 — restarting…
2026-05-13 09:43:06,916 [WARNING] No .gguf model found — skipping KoboldCPP auto-start
2026-05-13 09:43:06,917 [INFO] Status — API: ok  Kobold: failed  Restarts: api=0 kobold=0
2026-05-13 09:43:36,923 [WARNING] kobold not responding on port 5001 — restarting…
2026-05-13 09:43:36,925 [WARNING] No .gguf model found — skipping KoboldCPP auto-start
2026-05-13 09:43:36,926 [INFO] Status — API: ok  Kobold: failed  Restarts: api=0 kobold=0
2026-05-13 09:44:06,934 [WARNING] kobold not responding on port 5001 — restarting…
2026-05-13 09:44:06,935 [WARNING] No .gguf model found — skipping KoboldCPP auto-start
2026-05-13 09:44:06,936 [INFO] Status — API: ok  Kobold: failed  Restarts: api=0 kobold=0
2026-05-13 09:44:36,944 [WARNING] kobold not responding on port 5001 — restarting…
2026-05-13 09:44:36,945 [WARNING] No .gguf model found — skipping KoboldCPP auto-start
2026-05-13 09:44:36,946 [INFO] Status — API: ok  Kobold: failed  Restarts: api=0 kobold=0
2026-05-13 09:45:06,953 [WARNING] kobold not responding on port 5001 — restarting…
2026-05-13 09:45:06,954 [WARNING] No .gguf model found — skipping KoboldCPP auto-start
2026-05-13 09:45:06,955 [INFO] Status — API: ok  Kobold: failed  Restarts: api=0 kobold=0
2026-05-13 09:45:36,962 [WARNING] kobold not responding on port 5001 — restarting…
2026-05-13 09:45:36,963 [WARNING] No .gguf model found — skipping KoboldCPP auto-start
2026-05-13 09:45:36,964 [INFO] Status — API: ok  Kobold: failed  Restarts: api=0 kobold=0
2026-05-13 09:46:06,971 [WARNING] kobold not responding on port 5001 — restarting…
2026-05-13 09:46:06,972 [WARNING] No .gguf model found — skipping KoboldCPP auto-start
2026-05-13 09:46:06,973 [INFO] Status — API: ok  Kobold: failed  Restarts: api=0 kobold=0
2026-05-13 09:46:36,980 [WARNING] kobold not responding on port 5001 — restarting…
2026-05-13 09:46:36,981 [WARNING] No .gguf model found — skipping KoboldCPP auto-start
2026-05-13 09:46:36,982 [INFO] Status — API: ok  Kobold: failed  Restarts: api=0 kobold=0
2026-05-13 09:47:06,989 [WARNING] kobold not responding on port 5001 — restarting…
2026-05-13 09:47:06,990 [WARNING] No .gguf model found — skipping KoboldCPP auto-start
2026-05-13 09:47:06,991 [INFO] Status — API: ok  Kobold: failed  Restarts: api=0 kobold=0
2026-05-13 09:47:36,998 [WARNING] kobold not responding on port 5001 — restarting…
2026-05-13 09:47:36,999 [WARNING] No .gguf model found — skipping KoboldCPP auto-start
2026-05-13 09:47:37,000 [INFO] Status — API: ok  Kobold: failed  Restarts: api=0 kobold=0
2026-05-13 09:48:07,006 [WARNING] kobold not responding on port 5001 — restarting…
2026-05-13 09:48:07,008 [WARNING] No .gguf model found — skipping KoboldCPP auto-start
2026-05-13 09:48:07,009 [INFO] Status — API: ok  Kobold: failed  Restarts: api=0 kobold=0
2026-05-13 09:48:37,016 [WARNING] kobold not responding on port 5001 — restarting…
2026-05-13 09:48:37,017 [WARNING] No .gguf model found — skipping KoboldCPP auto-start
2026-05-13 09:48:37,018 [INFO] Status — API: ok  Kobold: failed  Restarts: api=0 kobold=0
2026-05-13 09:49:07,025 [WARNING] kobold not responding on port 5001 — restarting…
2026-05-13 09:49:07,026 [WARNING] No .gguf model found — skipping KoboldCPP auto-start
2026-05-13 09:49:07,027 [INFO] Status — API: ok  Kobold: failed  Restarts: api=0 kobold=0
2026-05-13 09:49:37,034 [WARNING] kobold not responding on port 5001 — restarting…
2026-05-13 09:49:37,035 [WARNING] No .gguf model found — skipping KoboldCPP auto-start
2026-05-13 09:49:37,037 [INFO] Status — API: ok  Kobold: failed  Restarts: api=0 kobold=0
2026-05-13 09:50:07,043 [WARNING] kobold not responding on port 5001 — restarting…
2026-05-13 09:50:07,043 [WARNING] No .gguf model found — skipping KoboldCPP auto-start
2026-05-13 09:50:07,043 [INFO] Status — API: ok  Kobold: failed  Restarts: api=0 kobold=0
2026-05-13 09:50:37,050 [WARNING] kobold not responding on port 5001 — restarting…
2026-05-13 09:50:37,052 [WARNING] No .gguf model found — skipping KoboldCPP auto-start
2026-05-13 09:50:37,053 [INFO] Status — API: ok  Kobold: failed  Restarts: api=0 kobold=0
2026-05-13 09:51:07,059 [WARNING] kobold not responding on port 5001 — restarting…
2026-05-13 09:51:07,061 [WARNING] No .gguf model found — skipping KoboldCPP auto-start
2026-05-13 09:51:07,062 [INFO] Status — API: ok  Kobold: failed  Restarts: api=0 kobold=0
2026-05-13 09:51:37,069 [WARNING] kobold not responding on port 5001 — restarting…
2026-05-13 09:51:37,070 [WARNING] No .gguf model found — skipping KoboldCPP auto-start
2026-05-13 09:51:37,071 [INFO] Status — API: ok  Kobold: failed  Restarts: api=0 kobold=0
2026-05-13 09:52:07,078 [WARNING] kobold not responding on port 5001 — restarting…
2026-05-13 09:52:07,079 [WARNING] No .gguf model found — skipping KoboldCPP auto-start
2026-05-13 09:52:07,080 [INFO] Status — API: ok  Kobold: failed  Restarts: api=0 kobold=0
2026-05-13 09:52:37,087 [WARNING] kobold not responding on port 5001 — restarting…
2026-05-13 09:52:37,088 [WARNING] No .gguf model found — skipping KoboldCPP auto-start
2026-05-13 09:52:37,089 [INFO] Status — API: ok  Kobold: failed  Restarts: api=0 kobold=0
2026-05-13 09:53:07,096 [WARNING] kobold not responding on port 5001 — restarting…
2026-05-13 09:53:07,097 [WARNING] No .gguf model found — skipping KoboldCPP auto-start
2026-05-13 09:53:07,098 [INFO] Status — API: ok  Kobold: failed  Restarts: api=0 kobold=0
2026-05-13 09:53:37,105 [WARNING] kobold not responding on port 5001 — restarting…
2026-05-13 09:53:37,107 [WARNING] No .gguf model found — skipping KoboldCPP auto-start
2026-05-13 09:53:37,108 [INFO] Status — API: ok  Kobold: failed  Restarts: api=0 kobold=0
2026-05-13 09:54:07,114 [WARNING] kobold not responding on port 5001 — restarting…
2026-05-13 09:54:07,114 [WARNING] No .gguf model found — skipping KoboldCPP auto-start
2026-05-13 09:54:07,115 [INFO] Status — API: ok  Kobold: failed  Restarts: api=0 kobold=0
2026-05-13 09:54:37,122 [WARNING] kobold not responding on port 5001 — restarting…
2026-05-13 09:54:37,123 [WARNING] No .gguf model found — skipping KoboldCPP auto-start
2026-05-13 09:54:37,124 [INFO] Status — API: ok  Kobold: failed  Restarts: api=0 kobold=0
2026-05-13 09:55:07,130 [WARNING] kobold not responding on port 5001 — restarting…
2026-05-13 09:55:07,131 [WARNING] No .gguf model found — skipping KoboldCPP auto-start
2026-05-13 09:55:07,132 [INFO] Status — API: ok  Kobold: failed  Restarts: api=0 kobold=0
2026-05-13 09:55:37,139 [WARNING] kobold not responding on port 5001 — restarting…
2026-05-13 09:55:37,140 [WARNING] No .gguf model found — skipping KoboldCPP auto-start
2026-05-13 09:55:37,141 [INFO] Status — API: ok  Kobold: failed  Restarts: api=0 kobold=0
2026-05-13 09:56:07,147 [WARNING] kobold not responding on port 5001 — restarting…
2026-05-13 09:56:07,149 [WARNING] No .gguf model found — skipping KoboldCPP auto-start
2026-05-13 09:56:07,150 [INFO] Status — API: ok  Kobold: failed  Restarts: api=0 kobold=0
2026-05-13 09:56:37,157 [WARNING] kobold not responding on port 5001 — restarting…
2026-05-13 09:56:37,158 [WARNING] No .gguf model found — skipping KoboldCPP auto-start
2026-05-13 09:56:37,159 [INFO] Status — API: ok  Kobold: failed  Restarts: api=0 kobold=0
2026-05-13 09:57:07,166 [WARNING] kobold not responding on port 5001 — restarting…
2026-05-13 09:57:07,167 [WARNING] No .gguf model found — skipping KoboldCPP auto-start
2026-05-13 09:57:07,168 [INFO] Status — API: ok  Kobold: failed  Restarts: api=0 kobold=0
2026-05-13 09:57:37,175 [WARNING] kobold not responding on port 5001 — restarting…
2026-05-13 09:57:37,176 [WARNING] No .gguf model found — skipping KoboldCPP auto-start
2026-05-13 09:57:37,177 [INFO] Status — API: ok  Kobold: failed  Restarts: api=0 kobold=0
2026-05-13 09:58:07,183 [WARNING] kobold not responding on port 5001 — restarting…
2026-05-13 09:58:07,184 [WARNING] No .gguf model found — skipping KoboldCPP auto-start
2026-05-13 09:58:07,185 [INFO] Status — API: ok  Kobold: failed  Restarts: api=0 kobold=0
2026-05-13 09:58:37,192 [WARNING] kobold not responding on port 5001 — restarting…
2026-05-13 09:58:37,194 [WARNING] No .gguf model found — skipping KoboldCPP auto-start
2026-05-13 09:58:37,195 [INFO] Status — API: ok  Kobold: failed  Restarts: api=0 kobold=0
2026-05-13 09:59:07,202 [WARNING] kobold not responding on port 5001 — restarting…
2026-05-13 09:59:07,203 [WARNING] No .gguf model found — skipping KoboldCPP auto-start
2026-05-13 09:59:07,204 [INFO] Status — API: ok  Kobold: failed  Restarts: api=0 kobold=0
2026-05-13 09:59:37,212 [WARNING] kobold not responding on port 5001 — restarting…
2026-05-13 09:59:37,213 [WARNING] No .gguf model found — skipping KoboldCPP auto-start
2026-05-13 09:59:37,214 [INFO] Status — API: ok  Kobold: failed  Restarts: api=0 kobold=0
2026-05-13 10:00:07,221 [WARNING] kobold not responding on port 5001 — restarting…
2026-05-13 10:00:07,222 [WARNING] No .gguf model found — skipping KoboldCPP auto-start
2026-05-13 10:00:07,223 [INFO] Status — API: ok  Kobold: failed  Restarts: api=0 kobold=0
2026-05-13 10:00:37,230 [WARNING] kobold not responding on port 5001 — restarting…
2026-05-13 10:00:37,231 [WARNING] No .gguf model found — skipping KoboldCPP auto-start
2026-05-13 10:00:37,232 [INFO] Status — API: ok  Kobold: failed  Restarts: api=0 kobold=0
2026-05-13 10:01:07,238 [WARNING] kobold not responding on port 5001 — restarting…
2026-05-13 10:01:07,239 [WARNING] No .gguf model found — skipping KoboldCPP auto-start
2026-05-13 10:01:07,240 [INFO] Status — API: ok  Kobold: failed  Restarts: api=0 kobold=0
2026-05-13 10:01:37,247 [WARNING] kobold not responding on port 5001 — restarting…
2026-05-13 10:01:37,248 [WARNING] No .gguf model found — skipping KoboldCPP auto-start
2026-05-13 10:01:37,249 [INFO] Status — API: ok  Kobold: failed  Restarts: api=0 kobold=0
2026-05-13 10:02:07,254 [WARNING] kobold not responding on port 5001 — restarting…
2026-05-13 10:02:07,255 [WARNING] No .gguf model found — skipping KoboldCPP auto-start
2026-05-13 10:02:07,256 [INFO] Status — API: ok  Kobold: failed  Restarts: api=0 kobold=0
2026-05-13 10:02:37,263 [WARNING] kobold not responding on port 5001 — restarting…
2026-05-13 10:02:37,264 [WARNING] No .gguf model found — skipping KoboldCPP auto-start
2026-05-13 10:02:37,265 [INFO] Status — API: ok  Kobold: failed  Restarts: api=0 kobold=0
2026-05-13 10:03:07,272 [WARNING] kobold not responding on port 5001 — restarting…
2026-05-13 10:03:07,273 [WARNING] No .gguf model found — skipping KoboldCPP auto-start
2026-05-13 10:03:07,274 [INFO] Status — API: ok  Kobold: failed  Restarts: api=0 kobold=0
2026-05-13 10:03:37,281 [WARNING] kobold not responding on port 5001 — restarting…
2026-05-13 10:03:37,282 [WARNING] No .gguf model found — skipping KoboldCPP auto-start
2026-05-13 10:03:37,283 [INFO] Status — API: ok  Kobold: failed  Restarts: api=0 kobold=0
2026-05-13 10:04:07,290 [WARNING] kobold not responding on port 5001 — restarting…
2026-05-13 10:04:07,291 [WARNING] No .gguf model found — skipping KoboldCPP auto-start
2026-05-13 10:04:07,292 [INFO] Status — API: ok  Kobold: failed  Restarts: api=0 kobold=0
2026-05-13 10:04:37,299 [WARNING] kobold not responding on port 5001 — restarting…
2026-05-13 10:04:37,300 [WARNING] No .gguf model found — skipping KoboldCPP auto-start
2026-05-13 10:04:37,301 [INFO] Status — API: ok  Kobold: failed  Restarts: api=0 kobold=0
2026-05-13 10:05:07,308 [WARNING] kobold not responding on port 5001 — restarting…
2026-05-13 10:05:07,309 [WARNING] No .gguf model found — skipping KoboldCPP auto-start
2026-05-13 10:05:07,311 [INFO] Status — API: ok  Kobold: failed  Restarts: api=0 kobold=0
2026-05-13 10:05:37,318 [WARNING] kobold not responding on port 5001 — restarting…
2026-05-13 10:05:37,319 [WARNING] No .gguf model found — skipping KoboldCPP auto-start
2026-05-13 10:05:37,320 [INFO] Status — API: ok  Kobold: failed  Restarts: api=0 kobold=0
2026-05-13 10:06:07,325 [WARNING] kobold not responding on port 5001 — restarting…
2026-05-13 10:06:07,327 [WARNING] No .gguf model found — skipping KoboldCPP auto-start
2026-05-13 10:06:07,328 [INFO] Status — API: ok  Kobold: failed  Restarts: api=0 kobold=0
2026-05-13 10:06:37,335 [WARNING] kobold not responding on port 5001 — restarting…
2026-05-13 10:06:37,336 [WARNING] No .gguf model found — skipping KoboldCPP auto-start
2026-05-13 10:06:37,337 [INFO] Status — API: ok  Kobold: failed  Restarts: api=0 kobold=0
2026-05-13 10:07:07,343 [WARNING] kobold not responding on port 5001 — restarting…
2026-05-13 10:07:07,344 [WARNING] No .gguf model found — skipping KoboldCPP auto-start
2026-05-13 10:07:07,345 [INFO] Status — API: ok  Kobold: failed  Restarts: api=0 kobold=0
2026-05-13 10:07:37,352 [WARNING] kobold not responding on port 5001 — restarting…
2026-05-13 10:07:37,353 [WARNING] No .gguf model found — skipping KoboldCPP auto-start
2026-05-13 10:07:37,354 [INFO] Status — API: ok  Kobold: failed  Restarts: api=0 kobold=0
2026-05-13 10:08:07,361 [WARNING] kobold not responding on port 5001 — restarting…
2026-05-13 10:08:07,362 [WARNING] No .gguf model found — skipping KoboldCPP auto-start
2026-05-13 10:08:07,363 [INFO] Status — API: ok  Kobold: failed  Restarts: api=0 kobold=0
2026-05-13 10:08:37,370 [WARNING] kobold not responding on port 5001 — restarting…
2026-05-13 10:08:37,371 [WARNING] No .gguf model found — skipping KoboldCPP auto-start
2026-05-13 10:08:37,373 [INFO] Status — API: ok  Kobold: failed  Restarts: api=0 kobold=0
2026-05-13 10:09:07,379 [WARNING] kobold not responding on port 5001 — restarting…
2026-05-13 10:09:07,381 [WARNING] No .gguf model found — skipping KoboldCPP auto-start
2026-05-13 10:09:07,382 [INFO] Status — API: ok  Kobold: failed  Restarts: api=0 kobold=0
2026-05-13 10:09:37,389 [WARNING] kobold not responding on port 5001 — restarting…
2026-05-13 10:09:37,390 [WARNING] No .gguf model found — skipping KoboldCPP auto-start
2026-05-13 10:09:37,391 [INFO] Status — API: ok  Kobold: failed  Restarts: api=0 kobold=0
2026-05-13 10:10:07,398 [WARNING] kobold not responding on port 5001 — restarting…
2026-05-13 10:10:07,399 [WARNING] No .gguf model found — skipping KoboldCPP auto-start
2026-05-13 10:10:07,400 [INFO] Status — API: ok  Kobold: failed  Restarts: api=0 kobold=0
2026-05-13 10:10:37,407 [WARNING] kobold not responding on port 5001 — restarting…
2026-05-13 10:10:37,408 [WARNING] No .gguf model found — skipping KoboldCPP auto-start
2026-05-13 10:10:37,409 [INFO] Status — API: ok  Kobold: failed  Restarts: api=0 kobold=0
2026-05-13 10:11:07,417 [WARNING] kobold not responding on port 5001 — restarting…
2026-05-13 10:11:07,418 [WARNING] No .gguf model found — skipping KoboldCPP auto-start
2026-05-13 10:11:07,419 [INFO] Status — API: ok  Kobold: failed  Restarts: api=0 kobold=0
2026-05-13 10:11:37,426 [WARNING] kobold not responding on port 5001 — restarting…
2026-05-13 10:11:37,428 [WARNING] No .gguf model found — skipping KoboldCPP auto-start
2026-05-13 10:11:37,429 [INFO] Status — API: ok  Kobold: failed  Restarts: api=0 kobold=0
2026-05-13 10:12:07,435 [WARNING] kobold not responding on port 5001 — restarting…
2026-05-13 10:12:07,436 [WARNING] No .gguf model found — skipping KoboldCPP auto-start
2026-05-13 10:12:07,437 [INFO] Status — API: ok  Kobold: failed  Restarts: api=0 kobold=0
2026-05-13 10:12:37,444 [WARNING] kobold not responding on port 5001 — restarting…
2026-05-13 10:12:37,445 [WARNING] No .gguf model found — skipping KoboldCPP auto-start
2026-05-13 10:12:37,446 [INFO] Status — API: ok  Kobold: failed  Restarts: api=0 kobold=0
2026-05-13 10:13:07,453 [WARNING] kobold not responding on port 5001 — restarting…
2026-05-13 10:13:07,454 [WARNING] No .gguf model found — skipping KoboldCPP auto-start
2026-05-13 10:13:07,455 [INFO] Status — API: ok  Kobold: failed  Restarts: api=0 kobold=0
2026-05-13 10:13:37,462 [WARNING] kobold not responding on port 5001 — restarting…
2026-05-13 10:13:37,463 [WARNING] No .gguf model found — skipping KoboldCPP auto-start
2026-05-13 10:13:37,464 [INFO] Status — API: ok  Kobold: failed  Restarts: api=0 kobold=0
2026-05-13 10:14:07,471 [WARNING] kobold not responding on port 5001 — restarting…
2026-05-13 10:14:07,472 [WARNING] No .gguf model found — skipping KoboldCPP auto-start
2026-05-13 10:14:07,474 [INFO] Status — API: ok  Kobold: failed  Restarts: api=0 kobold=0
2026-05-13 10:14:37,481 [WARNING] kobold not responding on port 5001 — restarting…
2026-05-13 10:14:37,482 [WARNING] No .gguf model found — skipping KoboldCPP auto-start
2026-05-13 10:14:37,483 [INFO] Status — API: ok  Kobold: failed  Restarts: api=0 kobold=0
2026-05-13 10:15:07,490 [WARNING] kobold not responding on port 5001 — restarting…
2026-05-13 10:15:07,491 [WARNING] No .gguf model found — skipping KoboldCPP auto-start
2026-05-13 10:15:07,492 [INFO] Status — API: ok  Kobold: failed  Restarts: api=0 kobold=0
2026-05-13 10:15:37,499 [WARNING] kobold not responding on port 5001 — restarting…
2026-05-13 10:15:37,501 [WARNING] No .gguf model found — skipping KoboldCPP auto-start
2026-05-13 10:15:37,502 [INFO] Status — API: ok  Kobold: failed  Restarts: api=0 kobold=0
2026-05-13 10:16:07,508 [WARNING] kobold not responding on port 5001 — restarting…
2026-05-13 10:16:07,510 [WARNING] No .gguf model found — skipping KoboldCPP auto-start
2026-05-13 10:16:07,511 [INFO] Status — API: ok  Kobold: failed  Restarts: api=0 kobold=0
2026-05-13 10:16:37,518 [WARNING] kobold not responding on port 5001 — restarting…
2026-05-13 10:16:37,519 [WARNING] No .gguf model found — skipping KoboldCPP auto-start
2026-05-13 10:16:37,520 [INFO] Status — API: ok  Kobold: failed  Restarts: api=0 kobold=0
2026-05-13 10:17:07,526 [WARNING] kobold not responding on port 5001 — restarting…
2026-05-13 10:17:07,527 [WARNING] No .gguf model found — skipping KoboldCPP auto-start
2026-05-13 10:17:07,528 [INFO] Status — API: ok  Kobold: failed  Restarts: api=0 kobold=0
2026-05-13 10:17:37,535 [WARNING] kobold not responding on port 5001 — restarting…
2026-05-13 10:17:37,536 [WARNING] No .gguf model found — skipping KoboldCPP auto-start
2026-05-13 10:17:37,537 [INFO] Status — API: ok  Kobold: failed  Restarts: api=0 kobold=0
2026-05-13 10:18:07,544 [WARNING] kobold not responding on port 5001 — restarting…
2026-05-13 10:18:07,545 [WARNING] No .gguf model found — skipping KoboldCPP auto-start
2026-05-13 10:18:07,546 [INFO] Status — API: ok  Kobold: failed  Restarts: api=0 kobold=0
2026-05-13 10:18:37,553 [WARNING] kobold not responding on port 5001 — restarting…
2026-05-13 10:18:37,554 [WARNING] No .gguf model found — skipping KoboldCPP auto-start
2026-05-13 10:18:37,555 [INFO] Status — API: ok  Kobold: failed  Restarts: api=0 kobold=0
2026-05-13 10:19:07,561 [WARNING] kobold not responding on port 5001 — restarting…
2026-05-13 10:19:07,563 [WARNING] No .gguf model found — skipping KoboldCPP auto-start
2026-05-13 10:19:07,564 [INFO] Status — API: ok  Kobold: failed  Restarts: api=0 kobold=0
2026-05-13 10:19:37,571 [WARNING] kobold not responding on port 5001 — restarting…
2026-05-13 10:19:37,572 [WARNING] No .gguf model found — skipping KoboldCPP auto-start
2026-05-13 10:19:37,573 [INFO] Status — API: ok  Kobold: failed  Restarts: api=0 kobold=0
2026-05-13 10:20:07,579 [WARNING] kobold not responding on port 5001 — restarting…
2026-05-13 10:20:07,580 [WARNING] No .gguf model found — skipping KoboldCPP auto-start
2026-05-13 10:20:07,581 [INFO] Status — API: ok  Kobold: failed  Restarts: api=0 kobold=0
2026-05-13 10:20:26,067 [INFO] Signal 15 — shutting down watchdog
2026-05-13 10:20:37,582 [INFO] Watchdog stopped
